Date;Latitude;Longitude;tempmax;tempmin;temp;feelslikemax;feelslikemin;feelslike;dew;humidity;precip;precipprob;precipcover;preciptype;snow;snowdepth;windgust;windspeed;winddir;sealevelpressure;cloudcover;visibility;solarradiation;solarenergy;uvindex;severerisk;sunrise;sunset;moonphase;conditions;description;icon;stations
2022-10-01;21.416666666666668;-83.38666666666667;84.1;75.1;79;90.7;75.1;80.3;70.3;74.9;0;0;0;;0;;26.4;24.2;52.1;1019;16.7;12.1;218;18.6;8;10;2025-01-14T06:58:01;2025-01-14T18:00:41;0.52;Clear;Clear conditions throughout the day.;clear-day;remote,MWCB
2022-10-01;20.058333333333334;-80.0;79.6;76;77;79.6;76;77;68.7;75.7;0;9.7;0;;0;;26.2;25.9;53.4;1019.6;8.8;15;219.8;18.8;8;10;2025-01-15T06:58:04;2025-01-15T18:01:21;0.56;Clear;Clear conditions throughout the day.;clear-day;
2022-10-01;18.52;-74.79333333333334;78.3;76.7;77.2;78.3;76.7;77.2;69.4;77;12;12.9;8.33;rain;0;;23;23.5;54.8;1019.1;47.5;15;185;15.9;8;10;2025-01-16T06:58:05;2025-01-16T18:02:00;0.59;Partially cloudy;Partly cloudy throughout the day.;partly-cloudy-day;
2022-10-01;16.873333333333335;-69.27833333333334;78.5;75.8;76.6;78.5;75.8;76.6;68.4;76.1;59;29;8.33;rain;0;;17.7;18.6;59.6;1018.2;42.4;14.6;188.3;16.1;7;10;2025-01-17T06:58:05;2025-01-17T18:02:40;0.62;Partially cloudy;Partly cloudy throughout the day.;partly-cloudy-day;
2022-10-01;15.321666666666667;-65.84166666666665;79.6;76.4;78.1;79.6;76.4;78.1;70.3;77;4;6.5;4.17;rain;0;;20.6;19.9;102.1;1016.8;41.6;15;203;17.6;7;10;2025-01-18T06:58:04;2025-01-18T18:03:19;0.65;Partially cloudy;Partly cloudy throughout the day.;partly-cloudy-day;
2022-10-01;14.006666666666666;-61.89;80.1;78.2;79.1;83.7;78.2;79.3;71.3;77;55;16.1;4.17;rain;0;;16.3;15.4;119;1017.7;6.6;14.9;203.6;17.7;7;30;2025-01-19T06:58:02;2025-01-19T18:03:59;0.69;Clear;Clear conditions throughout the day.;clear-day;
2022-10-01;12.006666666666666;-57.91833333333333;80;78;78.6;80;78;78.6;70.9;77.3;189;16.1;12.5;rain;0;;26.6;22.8;53.1;1018.9;36.4;14.6;201.9;17.4;7;30;2025-01-20T06:57:58;2025-01-20T18:04:38;0.72;Partially cloudy;Becoming cloudy in the afternoon.;partly-cloudy-day;
2022-10-01;9.726666666666667;-53.97166666666667;78.7;77.1;78;78.7;77.1;78;71.1;79.4;12;16.1;8.33;rain;0;;24.4;22.1;65.8;1018.5;46.6;14.8;101.6;8.7;4;10;2025-01-21T06:57:53;2025-01-21T18:05:17;0.75;Partially cloudy;Partly cloudy throughout the day.;partly-cloudy-day;
2022-10-01;7.418333333333334;-48.01;78.9;77.4;78.1;78.9;77.4;78.1;71.2;79.4;12;22.6;8.33;rain;0;;32.7;30.4;48.3;1017.8;41.7;15;182.6;15.8;6;30;2025-01-22T06:57:46;2025-01-22T18:05:56;0.78;Partially cloudy;Partly cloudy throughout the day.;wind;
2022-10-01;4.905;-44.473333333333336;78.7;77.3;77.8;78.7;77.3;77.8;70.8;79;0;22.6;0;;0;;30;28;74.7;1016.5;75.8;15;144.3;12.5;6;10;2025-01-23T06:57:38;2025-01-23T18:06:34;0.81;Partially cloudy;Partly cloudy throughout the day.;partly-cloudy-day;
2022-10-01;2.7083333333333335;-40.20333333333333;79.1;77.8;78.7;79.1;77.8;78.7;70.9;77.2;0;22.6;0;;0;;13;8.5;100.5;1015.6;81.1;14.7;197;17.2;7;30;2025-01-24T06:57:29;2025-01-24T18:07:12;0.85;Partially cloudy;Partly cloudy throughout the day.;partly-cloudy-day;
2022-10-01;0.5816666666666667;-37.95166666666667;78.9;74.4;77.3;78.9;74.4;77.3;69.6;77.3;0;22.6;0;;0;;22.1;23.7;30.1;1016.4;86.5;14.4;159;13.6;6;10;2025-01-25T06:57:19;2025-01-25T18:07:50;0.88;Partially cloudy;Partly cloudy throughout the day.;partly-cloudy-day;
2022-10-01;-1.3033333333333332;-34.865;77.4;73.7;75.2;77.4;73.7;75.2;68.7;80.3;0.02;25.8;8.33;rain;0;;25.1;24.8;45.8;1016.9;91.9;15;86.9;7.6;3;10;2025-01-26T06:57:07;2025-01-26T18:08:28;0.91;Overcast;Cloudy skies throughout the day.;cloudy;
2022-10-01;-5.966666666666667;-31.74;76.6;74.7;75.9;76.6;74.7;75.9;70.2;82.6;4;29;4.17;rain;0;;32;31.3;39.9;1016.4;99.8;14.8;54.5;4.8;2;10;2025-01-27T06:56:55;2025-01-27T18:09:05;0.94;Overcast;Cloudy skies throughout the day.;wind;
2022-10-01;-8.25;-9.516666666666667;77.6;74.9;76.2;77.6;74.9;76.2;69.8;80.6;35;35.5;8.33;rain;0;;32;30.2;47.4;1015.8;99.9;15;97.3;8.6;4;10;2025-01-28T06:56:40;2025-01-28T18:09:42;0.97;Overcast;Cloudy skies throughout the day.;wind;
2023-08-18;-4.55;-13.166666666666666;77.4;75.1;76.6;77.4;75.1;76.6;67.3;72.9;0.02;100;4.17;rain;0;;16.1;16.3;54.7;1019.5;3.2;15;212.1;18.3;8;10;2025-01-14T06:33:00;2025-01-14T17:31:42;0.52;Rain;Clear conditions throughout the day with afternoon rain.;rain;remote
2023-08-18;0.3333333333333333;-18.1;76.2;74.4;75.2;76.2;74.4;75.2;65.3;71.3;0;19.4;0;;0;;16.1;15;59.7;1019.9;1.5;15;214.6;18.5;8;10;2025-01-15T06:33:01;2025-01-15T17:32:23;0.56;Clear;Clear conditions throughout the day.;clear-day;
2023-08-18;4.95;-24.883333333333333;77.3;74.7;75.6;77.3;74.7;75.6;66.9;74.4;32;61.3;12.5;rain;0;;14.1;12.8;82;1019.1;55.4;14.9;125;10.9;7;10;2025-01-16T06:33:02;2025-01-16T17:33:04;0.59;Rain, Partially cloudy;Partly cloudy throughout the day with rain in the morning and afternoon.;rain;
2023-08-18;9.683333333333334;-28.083333333333332;76.9;73.8;75.5;76.9;73.8;75.5;68.7;79.5;24;38.7;12.5;rain;0;;23;21.7;74.8;1018.7;20.1;9.8;206.5;17.9;7;10;2025-01-17T06:33:01;2025-01-17T17:33:44;0.62;Partially cloudy;Partly cloudy throughout the day.;partly-cloudy-day;
2023-08-18;13.216666666666667;-35.666666666666664;78;75.6;76.9;78;75.6;76.9;69.6;78.4;0;48.4;0;rain;0;;26.8;24.4;86;1018.6;57.3;14.9;174.5;15.1;6;10;2025-01-18T06:32:58;2025-01-18T17:34:25;0.65;Rain, Partially cloudy;Partly cloudy throughout the day with a chance of rain.;rain;
2023-08-18;15.466666666666667;-41.28333333333333;79.6;77.4;78.3;79.6;77.4;78.3;72.4;82.2;0;16.1;0;;0;;25.3;20.6;115.9;1018.4;29.5;15;207.5;17.9;7;30;2025-01-19T06:32:54;2025-01-19T17:35:06;0.69;Partially cloudy;Partly cloudy throughout the day.;partly-cloudy-day;
2023-08-18;17.183333333333334;-47.35;80.3;77.4;78.4;84.7;77.4;78.6;73.6;85.1;16;6.5;8.33;rain;0;;26.6;19.7;81.9;1019.4;5.3;15;206.1;17.7;7;30;2025-01-20T06:32:49;2025-01-20T17:35:47;0.72;Clear;Clear conditions throughout the day.;clear-day;
2023-08-18;18.516666666666666;-53.35;79.2;77.4;78.1;79.2;77.4;78.1;71.9;81.5;0.02;19.4;12.5;rain;0;;30.2;23.5;91;1019.6;2.5;15;210.1;18.2;8;30;2025-01-21T06:32:43;2025-01-21T17:36:27;0.75;Clear;Clear conditions throughout the day.;clear-day;
2023-08-18;19.85;-59.266666666666666;79.2;77.4;78;79.2;77.4;78;71.7;80.9;0;29;0;;0;;28.6;21.9;88.6;1018.6;2.9;13.7;208.1;18;8;30;2025-01-22T06:32:35;2025-01-22T17:37:07;0.78;Clear;Clear conditions throughout the day.;clear-day;
2023-08-18;21.65;-65.6;79.2;77.4;78.1;79.2;77.4;78.1;71.9;81.4;0;22.6;0;;0;;30.4;22.6;86.5;1017.9;11.4;14.9;214.1;18.5;8;30;2025-01-23T06:32:26;2025-01-23T17:37:47;0.81;Clear;Clear conditions throughout the day.;clear-day;
2023-08-18;26.866666666666667;-68.36666666666666;79.2;77.4;78.1;79.2;77.4;78.1;73;84.5;0;25.8;0;;0;;32;25.1;106.6;1016;51.5;15;199.4;17.2;7;60;2025-01-24T06:32:15;2025-01-24T17:38:27;0.85;Partially cloudy;Partly cloudy throughout the day.;partly-cloudy-day;
2023-08-18;32.666666666666664;-71.3;80.1;77.4;78.6;84;77.4;79;72.8;82.4;0;25.8;0;;0;;17.9;15.4;79.9;1015.8;23.7;13.6;209;18.1;7;60;2025-01-25T06:32:03;2025-01-25T17:39:06;0.88;Partially cloudy;Partly cloudy throughout the day.;partly-cloudy-day;
2023-08-18;37.766666666666666;-72.95;79.2;77.3;77.9;79.2;77.3;77.9;71.8;81.5;44;29;8.33;rain;0;;19.2;17.2;60.9;1016.1;30.2;15;210.5;18.3;8;30;2025-01-26T06:31:50;2025-01-26T17:39:45;0.91;Partially cloudy;Partly cloudy throughout the day.;partly-cloudy-day;
2023-08-18;-22.91638888888889;-40.46666666666667;79.6;76.6;77.9;79.6;76.6;77.9;72.2;82.6;8;19.4;4.17;rain;0;;19.2;16.6;78.3;1015.6;60.9;14.8;202.4;17.5;7;30;2025-01-27T06:31:36;2025-01-27T17:40:24;0.94;Partially cloudy;Clearing in the afternoon.;partly-cloudy-day;
2023-08-18;33.083333333333336;-8.566666666666666;78.7;77.3;77.9;78.7;77.3;77.9;72.2;82.9;0.02;25.8;12.5;rain;0;;26.8;21;70.5;1015.6;31.7;15;210.9;18.3;8;30;2025-01-28T06:31:20;2025-01-28T17:41:03;0.97;Partially cloudy;Partly cloudy throughout the day.;partly-cloudy-day;
2023-09-08;-17.549166666666668;-36.516666666666666;70.2;68.8;69.5;70.2;68.8;69.5;56.3;63;8;100;8.33;rain;0;;14.5;15;46.3;1017.4;95.3;15;165.8;14.4;7;10;2025-01-14T06:15:49;2025-01-14T17:23:55;0.53;Rain, Overcast;Cloudy skies throughout the day with early morning rain.;rain;remote
2023-09-08;27.433333333333334;-13.866666666666667;69.3;68.1;68.8;69.3;68.1;68.8;57.9;68.1;12;16.1;12.5;rain;0;;15;15.9;58.3;1018.3;58.1;15;211.5;18.3;8;10;2025-01-15T06:15:53;2025-01-15T17:24:33;0.56;Partially cloudy;Partly cloudy throughout the day.;partly-cloudy-day;
2023-09-08;-11.598055555555556;-33.733333333333334;70.2;68.8;69.5;70.2;68.8;69.5;59.6;70.7;0;22.6;0;;0;;20.8;20.6;66.1;1019.4;99.7;15;132.3;11.4;6;10;2025-01-16T06:15:56;2025-01-16T17:25:11;0.59;Overcast;Cloudy skies throughout the day.;cloudy;
2023-09-08;21.883333333333333;-16.25;71.7;69.9;70.9;71.7;69.9;70.9;64.7;80.5;28;19.4;29.17;rain;0;;23.9;23.5;68.4;1019.8;75.8;15;193;16.6;7;10;2025-01-17T06:15:58;2025-01-17T17:25:49;0.63;Partially cloudy;Partly cloudy throughout the day.;partly-cloudy-day;
2023-09-08;-5.8149999999999995;-30.566666666666666;72.2;71;71.5;72.2;71;71.5;65.5;81.4;28;16.1;25;rain;0;;23.9;21;71.7;1019.8;91.8;15;146.5;12.7;6;10;2025-01-18T06:15:58;2025-01-18T17:26:27;0.66;Overcast;Cloudy skies throughout the day.;cloudy;
2023-09-08;15.983333333333333;-19.2;72.2;70.3;71.5;72.2;70.3;71.5;65.1;80.2;16;22.6;16.67;rain;0;;25.1;24.2;75.7;1017.9;81.7;14.9;167.4;14.4;7;10;2025-01-19T06:15:57;2025-01-19T17:27:04;0.69;Partially cloudy;Partly cloudy throughout the day.;partly-cloudy-day;
2023-09-08;0.15055555555555555;-27.333333333333332;70.4;67.7;69.1;70.4;67.7;69.1;65.1;87.1;1.501;25.8;29.17;rain;0;;31.1;30.4;77.8;1016.4;100;10;16;1.7;1;10;2025-01-20T06:15:55;2025-01-20T17:27:42;0.72;Overcast;Cloudy skies throughout the day.;wind;
2023-09-08;9.95;-22.183333333333334;72.2;70.4;71.6;72.2;70.4;71.6;67.1;85.8;56;19.4;20.83;rain;0;;23;22.1;108.3;1016.9;97.9;15;85;7.2;3;10;2025-01-21T06:15:51;2025-01-21T17:28:19;0.75;Overcast;Cloudy skies throughout the day.;cloudy;
2023-09-08;3.95;-25.233333333333334;71.9;70.8;71.3;71.9;70.8;71.3;65;80.6;0.02;6.5;20.83;rain;0;;21.5;20.1;81.1;1018.5;91.7;15;92.1;8.3;3;10;2025-01-22T06:15:47;2025-01-22T17:28:56;0.79;Overcast;Cloudy skies throughout the day.;cloudy;
2023-09-08;10.402222222222223;-21.05;70.8;69.2;69.9;70.8;69.2;69.9;62.7;77.9;48;3.2;33.33;rain;0;;22.4;21;62.1;1018.5;94.9;15;95.1;8.6;4;10;2025-01-23T06:15:41;2025-01-23T17:29:32;0.82;Overcast;Cloudy skies throughout the day.;cloudy;
2023-09-08;1.85;-28.366666666666667;69.3;68.6;69.1;69.3;68.6;69.1;59.9;72.7;44;6.5;25;rain;0;;19;18.3;60.2;1016.9;97.5;15;110.1;9.5;5;10;2025-01-24T06:15:34;2025-01-24T17:30:08;0.85;Overcast;Cloudy skies throughout the day.;cloudy;
2023-09-08;18.31833333333333;-19.816666666666666;69.9;68.8;69.3;69.9;68.8;69.3;58.6;68.6;0.02;3.2;12.5;rain;0;;16.1;15.7;70.8;1015.5;94.5;15;126.4;10.8;6;10;2025-01-25T06:15:25;2025-01-25T17:30:44;0.88;Overcast;Cloudy skies throughout the day.;cloudy;
2023-09-08;-8.0;-31.283333333333335;70.4;68.8;69.7;70.4;68.8;69.7;62.1;76.9;16;6.5;12.5;rain;0;;20;19.5;61.6;1015.5;99.7;14.6;116.6;10.4;4;10;2025-01-26T06:15:15;2025-01-26T17:31:19;0.92;Overcast;Cloudy skies throughout the day.;cloudy;
2023-09-08;24.285833333333336;-15.016666666666667;71.3;69.2;70.5;71.3;69.2;70.5;66.1;86.1;116;6.5;29.17;rain;0;;26.5;24.2;62;1016;100;14.7;21.5;1.8;1;10;2025-01-27T06:15:04;2025-01-27T17:31:54;0.95;Overcast;Cloudy skies throughout the day.;cloudy;
2023-09-08;-12.083333333333334;-34.3;69.9;67.4;68.9;69.9;67.4;68.9;64.1;85;578;16.1;33.33;rain;0;;29.3;26.6;66.4;1016;100;10.8;12.3;0.9;1;10;2025-01-28T06:14:52;2025-01-28T17:32:29;0.98;Overcast;Cloudy skies throughout the day.;cloudy;
2022-10-10;29.352500000000003;-11.383333333333333;80.5;79.4;79.9;84.6;79.4;81;71.8;76.4;104;100;41.67;rain;0;;21.5;20.6;38;1010.3;78.6;13.6;242.2;21;9;10;2025-01-14T05:50:41;2025-01-14T17:49:26;0.52;Rain, Partially cloudy;Partly cloudy throughout the day with a chance of rain throughout the day.;rain;remote
2022-10-10;-19.683333333333334;-37.03333333333333;79.6;75.3;78.1;79.6;75.3;78.1;72.9;84.3;2.185;100;100;rain;0;;19.9;17.9;36.1;1010.9;99.9;6.4;131.7;11.3;6;10;2025-01-15T05:51:00;2025-01-15T17:49:50;0.55;Rain, Overcast;Cloudy skies throughout the day with a chance of rain throughout the day.;rain;
2022-10-10;34.50222222222222;-6.4;77.8;72.9;76;77.8;72.9;76;71.9;87.4;4.536;100;75;rain;0;;13.2;12.1;103.5;1012.5;100;10.6;91.3;7.7;6;10;2025-01-16T05:51:18;2025-01-16T17:50:12;0.59;Rain, Overcast;Cloudy skies throughout the day with a chance of rain throughout the day.;rain;
2022-10-10;-22.2;-43.86666666666667;79.6;76.2;78;79.6;76.2;78;71.7;81.2;414;67.7;45.83;rain;0;;15.9;15.4;83.5;1012.7;97.5;12.2;120.4;10.5;8;10;2025-01-17T05:51:36;2025-01-17T17:50:34;0.62;Rain, Overcast;Cloudy skies throughout the day with a chance of rain.;rain;
2022-10-10;-25.116666666666667;-48.71666666666667;80;78.7;79.5;80;78.7;79.5;71.9;77.8;131;80.6;45.83;rain;0;;18.1;16.6;54.4;1012.6;46.7;14.5;274.6;23.7;10;10;2025-01-18T05:51:53;2025-01-18T17:50:56;0.65;Rain, Partially cloudy;Clearing in the afternoon with a chance of rain throughout the day.;rain;
2022-10-10;-34.95;-54.06666666666667;79.2;77.2;78.6;79.2;77.2;78.6;72.1;80.7;812;58.1;54.17;rain;0;;18.1;16.6;58.3;1012.6;25.3;10.9;311.2;26.8;9;10;2025-01-19T05:52:09;2025-01-19T17:51:17;0.68;Rain, Partially cloudy;Partly cloudy throughout the day with a chance of rain throughout the day.;rain;
2022-10-10;-33.416666666666664;-57.63333333333333;80;76.7;78.7;80;76.7;78.7;72.3;80.7;658;71;33.33;rain;0;;17.7;16.7;45.4;1013.3;68.4;11.5;278.3;24.2;8;30;2025-01-20T05:52:24;2025-01-20T17:51:37;0.71;Rain, Partially cloudy;Partly cloudy throughout the day with storms possible.;rain;
2022-10-10;34.06916666666667;-7.898611111111111;79.8;76.6;78.6;79.8;76.6;78.6;71.8;79.8;233;80.6;20.83;rain;0;;21.3;17.7;58.2;1013.5;41.1;13.6;286;24.6;9;10;2025-01-21T05:52:38;2025-01-21T17:51:56;0.75;Rain, Partially cloudy;Partly cloudy throughout the day with a chance of rain throughout the day.;rain;
2022-10-10;29.834444444444443;-11.799722222222224;80.1;78.7;79.4;84.4;78.7;79.6;72.8;80.3;0.35;83.9;33.33;rain;0;;20.8;18.6;77.3;1013.2;13;11.8;289.4;25.1;9;30;2025-01-22T05:52:52;2025-01-22T17:52:15;0.78;Rain;Clear conditions throughout the day with storms possible.;rain;
2022-10-10;25.65138888888889;-14.148055555555556;80.3;78.5;79.2;84.5;78.5;79.7;72.8;80.8;439;83.9;33.33;rain;0;;19.2;17.2;62;1012.8;36.1;11.1;288.9;25.1;9;30;2025-01-23T05:53:04;2025-01-23T17:52:33;0.81;Rain, Partially cloudy;Partly cloudy throughout the day with storms possible.;rain;
2022-10-10;21.183888888888887;-17.214444444444442;80.1;79.3;79.9;84.5;79.3;81.8;72.5;78.2;87;61.3;25;rain;0;;18.5;17.2;64.6;1012.1;80.4;14.6;282.5;24.3;8;30;2025-01-24T05:53:16;2025-01-24T17:52:51;0.84;Rain, Partially cloudy;Partly cloudy throughout the day with storms possible.;rain;
2022-10-10;16.56722222222222;-20.999444444444446;79.8;79.2;79.5;79.8;79.2;79.5;72.8;80.1;307;61.3;33.33;rain;0;;19.2;17.2;71.8;1011.5;58.8;12.1;284;24.3;9;30;2025-01-25T05:53:27;2025-01-25T17:53:07;0.87;Rain, Partially cloudy;Partly cloudy throughout the day with storms possible.;rain;
2022-10-10;11.917777777777777;-22.83083333333333;79.8;78.9;79.3;79.8;78.9;79.3;73.2;81.4;236;67.7;33.33;rain;0;;20.5;17.9;70.2;1012.3;87.1;12.9;261.9;22.5;8;30;2025-01-26T05:53:37;2025-01-26T17:53:23;0.91;Rain, Partially cloudy;Partly cloudy throughout the day with storms possible.;rain;
2022-10-10;7.1177777777777775;-24.63277777777778;79.8;78.7;79.3;79.8;78.7;79.3;73.4;82.4;247;74.2;29.17;rain;0;;20.6;17.9;71.5;1012.5;53.5;11.6;270;23.7;8;30;2025-01-27T05:53:46;2025-01-27T17:53:38;0.94;Rain, Partially cloudy;Partly cloudy throughout the day with storms possible.;rain;
2022-10-10;2.3191666666666664;-26.447777777777777;79.6;78.9;79.2;79.6;78.9;79.2;73.4;82.6;225;77.4;33.33;rain;0;;20.9;17.9;77.1;1012.1;58.8;13.2;285.5;25.4;9;30;2025-01-28T05:53:55;2025-01-28T17:53:53;0.97;Rain, Partially cloudy;Becoming cloudy in the afternoon with storms possible.;rain;
2023-08-09;-1.3141666666666667;-28.182222222222222;70.4;69.3;69.8;70.4;69.3;69.8;63.1;79.2;28;100;29.17;rain;0;;23.5;21.5;169.7;1010.3;98.6;15;270.3;23.5;10;10;2025-01-14T06:02:09;2025-01-14T18:57:58;0.52;Rain, Overcast;Cloudy skies throughout the day with rain.;rain;remote
2023-08-09;-6.6147222222222215;-30.03138888888889;69.9;68.8;69.5;69.9;68.8;69.5;61.6;76.1;4;6.5;4.17;rain;0;;17.7;17;166.1;1010.7;63.6;15;290.1;25.2;10;10;2025-01-15T06:02:44;2025-01-15T18:58:05;0.55;Partially cloudy;Partly cloudy throughout the day.;partly-cloudy-day;
2023-08-09;-10.1975;-32.015;70.6;68.6;69.6;70.6;68.6;69.6;61.6;75.9;16;0;16.67;rain;0;;14.8;14.1;172.9;1011.6;89.5;15;267.7;23.2;10;10;2025-01-16T06:03:19;2025-01-16T18:58:11;0.58;Partially cloudy;Partly cloudy throughout the day.;partly-cloudy-day;
2023-08-09;-15.183055555555557;-35.68194444444444;70.1;69.2;69.7;70.1;69.2;69.7;62.8;78.8;0.02;0;20.83;rain;0;;17.9;17;175.1;1013.2;57.5;15;305.1;26.5;10;10;2025-01-17T06:03:54;2025-01-17T18:58:16;0.61;Partially cloudy;Clearing in the afternoon.;partly-cloudy-day;
2023-08-09;-20.883333333333333;-38.49861111111111;70.4;69.2;69.9;70.4;69.2;69.9;63.3;79.6;4;0;4.17;rain;0;;18.6;17.7;179.5;1013;71.2;15;337.6;29.1;10;10;2025-01-18T06:04:29;2025-01-18T18:58:19;0.65;Partially cloudy;Partly cloudy throughout the day.;partly-cloudy-day;
2023-08-09;-22.04861111111111;-43.76416666666667;70.8;69.9;70.2;70.8;69.9;70.2;63;77.8;0;0;0;;0;;19;18.1;179;1013.4;97;15;341.9;29.6;10;10;2025-01-19T06:05:03;2025-01-19T18:58:22;0.68;Overcast;Cloudy skies throughout the day.;cloudy;
2023-08-09;-20.114722222222223;0.5525;70.4;69.5;70.1;70.4;69.5;70.1;61.8;75;8;0;8.33;rain;0;;18.1;17.7;170.4;1014.1;97.9;15;238.8;20.7;8;10;2025-01-20T06:05:37;2025-01-20T18:58:23;0.71;Overcast;Cloudy skies throughout the day.;cloudy;
2023-08-09;-16.84916666666667;-4.998888888888889;70.8;69.9;70.3;70.8;69.9;70.3;62.9;77.5;0;0;0;;0;;16.5;16.2;175.4;1013.9;61.6;15;324.1;27.9;10;10;2025-01-21T06:06:11;2025-01-21T18:58:23;0.75;Partially cloudy;Clearing in the afternoon.;partly-cloudy-day;
2023-08-09;-11.814166666666667;-9.599444444444444;72.4;70.4;71.3;72.4;70.4;71.3;63.8;77.3;0;0;0;;0;;15;14.3;194.6;1013.9;64.8;15;315.9;27.3;10;10;2025-01-22T06:06:44;2025-01-22T18:58:22;0.77;Partially cloudy;Partly cloudy throughout the day.;partly-cloudy-day;
2023-08-09;34.483333333333334;-6.3566666666666665;72.4;71.1;71.7;72.4;71.1;71.7;63.7;75.9;4;6.5;4.17;rain;0;;11.9;11.5;208.9;1012.1;63.2;15;281;24;9;10;2025-01-23T06:07:17;2025-01-23T18:58:20;0.81;Partially cloudy;Partly cloudy throughout the day.;partly-cloudy-day;
2023-08-09;-5.065833333333333;-14.264166666666668;73.8;71.3;72.6;73.8;71.3;72.6;65.7;78.9;0;0;0;;0;;12.8;11.6;337.2;1012.9;9.9;15;343.9;29.7;10;10;2025-01-24T06:07:50;2025-01-24T18:58:16;0.84;Clear;Clear conditions throughout the day.;clear-day;
2023-08-09;29.5;-11.916666666666666;74;72.5;73;74;72.5;73;66.6;80.2;0;0;0;;0;;15.6;14.5;187.1;1014.1;14.9;15;343.5;29.7;10;10;2025-01-25T06:08:22;2025-01-25T18:58:11;0.87;Clear;Clear conditions throughout the day.;clear-day;
2023-08-09;-1.6152777777777778;-19.748055555555556;72.3;71.1;71.5;72.3;71.1;71.5;65.5;81.3;4;0;4.17;rain;0;;19;17.9;178.9;1013.5;37.9;15;337.6;28.8;10;10;2025-01-26T06:08:54;2025-01-26T18:58:06;0.9;Partially cloudy;Partly cloudy throughout the day.;partly-cloudy-day;
2023-08-09;24.513333333333332;-15.208333333333334;71.7;70.2;71.1;71.7;70.2;71.1;64.4;79.5;28;3.2;16.67;rain;0;;19;17;171.5;1013.4;96.2;15;210.4;18.3;8;10;2025-01-27T06:09:25;2025-01-27T18:57:59;0.93;Overcast;Cloudy skies throughout the day.;cloudy;
2023-08-09;2.4847222222222225;-24.96472222222222;71.4;70.7;71.1;71.4;70.7;71.1;64.5;79.8;52;3.2;29.17;rain;0;;18.8;17.2;164.7;1011.6;100;15;190;16.2;6;10;2025-01-28T06:09:56;2025-01-28T18:57:51;0.97;Overcast;Cloudy skies throughout the day.;cloudy;
2023-09-17;18.681666666666665;-18.016666666666666;83;79.4;80.3;89.4;79.4;83.5;74.5;82.5;1.699;100;95.83;rain;0;;23;20.8;307.3;1010.2;97.5;4.2;157.6;13.6;9;10;2025-01-14T05:18:37;2025-01-14T18:07:21;0.53;Rain, Overcast;Cloudy skies throughout the day with a chance of rain throughout the day.;rain;remote
2023-09-17;7.150277777777778;-28.415833333333335;83;79.6;81.2;89.3;79.6;86;73.7;78;787;48.4;87.5;rain;0;;17.7;16.6;337.8;1011;91.6;8;298.9;25.6;10;10;2025-01-15T05:19:10;2025-01-15T18:07:29;0.56;Rain, Overcast;Cloudy skies throughout the day with early morning rain.;rain;
2023-09-17;13.08;-21.358333333333334;82.7;78.3;81.2;88.3;78.3;85.5;72.7;75.6;0.3;35.5;66.67;rain;0;;11;10.7;336.7;1010.7;90.3;12.8;232.2;20;10;10;2025-01-16T05:19:43;2025-01-16T18:07:37;0.6;Overcast;Cloudy skies throughout the day.;cloudy;
2023-09-17;11.833333333333334;-33.783055555555556;82.3;80.7;81.6;87.2;83.9;85.8;71;70.2;36;41.9;33.33;rain;0;;10.5;10.3;343.7;1010.1;83.1;14.9;278.5;24;10;10;2025-01-17T05:20:16;2025-01-17T18:07:43;0.63;Partially cloudy;Partly cloudy throughout the day.;partly-cloudy-day;
2023-09-17;7.1;-24.616666666666667;82.7;80.5;81.7;88.6;85.1;86.8;72.9;74.8;549;87.1;75;rain;0;;10.5;10.3;33.3;1010.8;90.9;11.6;232;20.1;10;30;2025-01-18T05:20:48;2025-01-18T18:07:48;0.66;Rain, Overcast;Cloudy skies throughout the day with storms possible.;rain;
2023-09-17;16.583888888888886;-38.83083333333334;83;81.1;81.9;89.9;85.9;87.5;73.5;75.8;339;71;29.17;rain;0;;15;13.9;73.9;1011.6;76.3;13.7;276.1;23.9;9;30;2025-01-19T05:21:20;2025-01-19T18:07:52;0.69;Rain, Partially cloudy;Partly cloudy throughout the day with storms possible.;rain;
2023-09-17;1.9116666666666666;-26.256666666666668;82.7;82.1;82.5;89.2;86.9;88.1;72.8;72.6;36;67.7;12.5;rain;0;;18.8;17.7;89.5;1011;77.8;15;316.4;27.5;10;30;2025-01-20T05:21:52;2025-01-20T18:07:55;0.73;Rain, Partially cloudy;Partly cloudy throughout the day with storms possible.;rain;
2023-09-17;20.984444444444446;-43.8825;83.2;82.1;82.7;90.3;87.5;89.1;73.8;74.5;32;58.1;16.67;rain;0;;18;17;94.1;1010.6;76.3;15;306.5;26.1;10;60;2025-01-21T05:22:23;2025-01-21T18:07:57;0.75;Rain, Partially cloudy;Partly cloudy throughout the day with storms possible.;rain;
2023-09-17;-2.2666666666666666;-29.69;83;81.4;82.4;90.6;87;89;74.4;76.8;179;77.4;33.33;rain;0;;20.4;18.6;88.7;1011;43.5;14.3;312.8;27.2;10;60;2025-01-22T05:22:53;2025-01-22T18:07:58;0.79;Rain, Partially cloudy;Becoming cloudy in the afternoon with storms possible.;rain;
2023-09-17;25.334444444444443;-48.19916666666667;83.4;81.9;82.7;90.5;87.8;89.3;74.3;76;229;71;29.17;rain;0;;20.3;19;91.1;1011.6;82.3;14.7;307.4;26.9;10;60;2025-01-23T05:23:24;2025-01-23T18:07:58;0.82;Rain, Partially cloudy;Partly cloudy throughout the day with storms possible.;rain;
2023-09-17;-8.831666666666667;-31.218333333333334;82.8;82.1;82.5;90;86.8;88.8;73.8;75;79;67.7;16.67;rain;0;;20.8;19;104.3;1010.9;13.2;14.9;316;27.5;10;60;2025-01-24T05:23:54;2025-01-24T18:07:56;0.85;Rain;Clear conditions throughout the day with storms possible.;rain;
2023-09-17;28.41861111111111;-54.33305555555556;82.8;81.2;82.4;89.8;86.9;88.9;74.5;77.2;279;77.4;33.33;rain;0;;17.9;16.1;96.3;1009.1;48.1;14.2;308.4;26.7;10;60;2025-01-25T05:24:23;2025-01-25T18:07:54;0.89;Rain, Partially cloudy;Partly cloudy throughout the day with storms possible.;rain;
2023-09-17;-13.345;-34.69166666666667;83.2;81.9;82.5;89.4;88.2;88.9;74;75.4;76;93.5;29.17;rain;0;;17.7;16.8;82.9;1008.9;3.5;15;318.1;27.8;10;60;2025-01-26T05:24:52;2025-01-26T18:07:50;0.92;Rain;Clear conditions throughout the day with storms possible.;rain;
2023-09-17;31.685833333333335;-61.94833333333334;82.8;82.1;82.5;89.9;88;88.9;74;75.7;189;77.4;33.33;rain;0;;21.3;19.5;96.4;1009.8;25.3;14.6;315.1;27.8;10;60;2025-01-27T05:25:20;2025-01-27T18:07:45;0.95;Rain, Partially cloudy;Partly cloudy throughout the day with storms possible.;rain;
2023-09-17;-19.85;-37.233333333333334;82.8;82.1;82.5;89.8;88.5;89.1;74.5;76.8;0.45;71;33.33;rain;0;;22.6;20.1;91.7;1009.5;6.8;13.6;315.8;27.3;10;60;2025-01-28T05:25:48;2025-01-28T18:07:39;0.98;Rain;Clear conditions throughout the day with storms possible.;rain;
2022-10-09;35.8675;-66.11666666666666;80;78.5;79.5;80;78.5;79.5;67.7;67.3;16;100;16.67;rain;0;;19.7;20.4;51.3;1011.3;86.7;15;191.9;16.6;8;10;2025-01-14T06:11:11;2025-01-14T18:03:07;0.52;Rain, Partially cloudy;Partly cloudy throughout the day with rain clearing later.;rain;remote
2022-10-09;-22.131666666666668;-42.095;79.8;78.7;79.4;79.8;78.7;79.4;69.2;71.3;12;25.8;12.5;rain;0;;18.6;18.3;42.5;1011.8;79.8;15;268.5;23.3;9;10;2025-01-15T06:11:28;2025-01-15T18:03:32;0.55;Partially cloudy;Partly cloudy throughout the day.;partly-cloudy-day;
2022-10-09;34.236666666666665;-7.721666666666667;79.8;78.7;79.2;79.8;78.7;79.2;71.3;76.7;76;41.9;50;rain;0;;21.3;20.4;44.5;1012.4;83.6;14.8;271.1;23.3;9;10;2025-01-16T06:11:45;2025-01-16T18:03:57;0.59;Partially cloudy;Partly cloudy throughout the day.;partly-cloudy-day;
2022-10-09;-20.258333333333333;-39.9;80.1;78.9;79.6;83.9;78.9;79.8;71.8;77;28;71;25;rain;0;;20.6;19.7;56;1012.8;68.1;14.8;274.7;23.7;9;10;2025-01-17T06:12:00;2025-01-17T18:04:21;0.62;Rain, Partially cloudy;Partly cloudy throughout the day with late afternoon rain.;rain;
2022-10-09;29.001666666666665;-11.13;79.4;78.3;79.1;79.4;78.3;79.1;72.2;79.5;212;51.6;79.17;rain;0;;21.5;19.5;56.9;1012.9;27.5;14;273.3;23.7;9;10;2025-01-18T06:12:15;2025-01-18T18:04:45;0.65;Rain, Partially cloudy;Partly cloudy throughout the day with rain clearing later.;rain;
2022-10-09;-15.69;-35.916666666666664;79.4;78;78.8;79.4;78;78.8;71.1;77.6;242;29;58.33;rain;0;;20.1;18.8;52.5;1013.3;22;14.7;300.5;26;9;10;2025-01-19T06:12:28;2025-01-19T18:05:08;0.68;Partially cloudy;Partly cloudy throughout the day.;partly-cloudy-day;
2022-10-09;23.758333333333333;-16.523333333333333;79.4;77.9;79;79.4;77.9;79;71.3;77.4;131;38.7;29.17;rain;0;;21.3;20;50.9;1013.6;73.1;14;262.4;22.8;8;10;2025-01-20T06:12:41;2025-01-20T18:05:31;0.71;Partially cloudy;Partly cloudy throughout the day.;partly-cloudy-day;
2022-10-09;-8.156666666666666;-32.906666666666666;79.8;77.3;78.7;79.8;77.3;78.7;72.5;81.5;568;38.7;25;rain;0;;23.7;22.1;66;1013;54.3;13.1;275.4;23.7;8;30;2025-01-21T06:12:53;2025-01-21T18:05:52;0.75;Partially cloudy;Partly cloudy throughout the day with storms possible.;partly-cloudy-day;
2022-10-09;17.435;-19.446666666666665;80;78.3;79.6;80;78.3;79.6;72.4;78.8;269;35.5;20.83;rain;0;;22.6;19.9;70.4;1013.4;80.3;13.9;247.4;21.3;8;30;2025-01-22T06:13:04;2025-01-22T18:06:14;0.78;Partially cloudy;Partly cloudy throughout the day with storms possible.;partly-cloudy-day;
2022-10-09;-3.695;-29.426666666666666;80;79.2;79.8;80;79.2;79.8;73.1;80.2;52;29;25;rain;0;;24.6;21;69;1012.7;77.2;15;274.1;23.7;9;30;2025-01-23T06:13:15;2025-01-23T18:06:34;0.81;Partially cloudy;Partly cloudy throughout the day.;partly-cloudy-day;
2022-10-09;10.951666666666666;-22.39;80.3;79.3;79.9;85;79.3;81.4;73;79.5;68;45.2;29.17;rain;0;;23;20.6;65.6;1012.1;98.6;14.4;220.6;19.1;7;30;2025-01-24T06:13:24;2025-01-24T18:06:54;0.84;Rain, Overcast;Cloudy skies throughout the day with storms possible.;rain;
2022-10-09;2.1433333333333335;-26.351666666666667;79.6;79.1;79.3;79.6;79.1;79.3;72.7;80.2;166;35.5;33.33;rain;0;;23;20.8;62.3;1011.8;42.8;13.4;275;23.7;8;10;2025-01-25T06:13:32;2025-01-25T18:07:13;0.87;Partially cloudy;Clearing in the afternoon.;partly-cloudy-day;
2022-10-09;4.98;-25.64;79.8;78.8;79.5;79.8;78.8;79.5;72.6;79.6;123;48.4;29.17;rain;0;;24.6;21.8;61.7;1012.6;30.7;14.5;284.3;24.6;9;30;2025-01-26T06:13:40;2025-01-26T18:07:32;0.91;Rain, Partially cloudy;Partly cloudy throughout the day with storms possible.;rain;
2022-10-09;8.42;-23.211666666666666;79.2;78.2;78.8;79.2;78.2;78.8;73;82.3;444;41.9;33.33;rain;0;;25.1;21.9;64.6;1012.6;86.7;9.2;260.8;22.7;8;10;2025-01-27T06:13:46;2025-01-27T18:07:49;0.94;Partially cloudy;Partly cloudy throughout the day.;partly-cloudy-day;
2022-10-09;0.9083333333333333;-28.825;79.2;78.6;78.9;79.2;78.6;78.9;73.3;82.8;0.54;41.9;33.33;rain;0;;24.8;21.3;67.4;1012.3;68.7;10.3;255;21.9;8;10;2025-01-28T06:13:52;2025-01-28T18:08:06;0.97;Partially cloudy;Partly cloudy throughout the day.;partly-cloudy-day;
2024-05-12;14.606666666666667;-20.068333333333335;80.1;78.9;79.6;84.6;78.9;79.8;73.9;82.8;116;100;50;rain;0;;20.8;17.9;102.2;1009.6;62.4;14.3;257.9;22.2;9;30;2025-01-14T06:00:13;2025-01-14T18:07:58;0.52;Rain, Partially cloudy;Partly cloudy throughout the day with storms possible.;rain;remote
2024-05-12;-5.0216666666666665;-31.795;80.5;79.2;79.8;84.8;79.2;81.2;73;79.7;24;32.3;25;rain;0;;17.4;15.2;115.5;1010.2;72.3;14.8;281.5;24.2;10;30;2025-01-15T06:00:35;2025-01-15T18:08:19;0.55;Partially cloudy;Becoming cloudy in the afternoon with storms possible.;partly-cloudy-day;
2024-05-12;20.638333333333332;-18.941666666666666;80;78.9;79.7;80;78.9;79.7;71.2;75.5;48;58.1;16.67;rain;0;;13;11;112.5;1011.8;99.8;14.8;221.1;19.1;9;10;2025-01-16T06:00:56;2025-01-16T18:08:39;0.58;Rain, Overcast;Cloudy skies throughout the day with late afternoon rain.;rain;
2024-05-12;-10.078333333333333;-33.305;80.1;78.7;79.5;83.3;78.7;80;70.7;74.6;44;74.2;12.5;rain;0;;6.3;6.5;91.3;1012.8;61.4;14.8;292.9;25.4;10;10;2025-01-17T06:01:16;2025-01-17T18:08:58;0.62;Rain, Partially cloudy;Partly cloudy throughout the day with morning rain.;rain;
2024-05-12;26.238333333333333;-14.68;79.6;78;79;79.6;78;79;70.6;75.6;279;77.4;45.83;rain;0;;18.3;16.8;58.6;1013;54.6;13;289;24.8;9;10;2025-01-18T06:01:36;2025-01-18T18:09:17;0.65;Rain, Partially cloudy;Partly cloudy throughout the day with a chance of rain.;rain;
2024-05-12;-15.043333333333333;-36.72;80.3;78;79.7;84.1;78;81.1;71.7;76.7;0.19;64.5;29.17;rain;0;;18.8;15.7;71.4;1012.6;65.4;13.7;154.9;13.4;7;30;2025-01-19T06:01:54;2025-01-19T18:09:35;0.68;Rain, Partially cloudy;Partly cloudy throughout the day with storms possible.;rain;
2024-05-12;-15.006666666666666;-36.70166666666667;80.1;79.2;79.6;83.9;79.2;80.1;71.8;77.1;36;41.9;12.5;rain;0;;13.6;11.6;94.2;1012.6;7.5;15;283.5;24.3;10;10;2025-01-20T06:02:13;2025-01-20T18:09:52;0.71;Clear;Clear conditions throughout the day.;clear-day;
2024-05-12;31.076666666666668;-10.848333333333333;79.8;78.9;79.3;79.8;78.9;79.3;71.6;77.3;24;41.9;12.5;rain;0;;10.5;9.6;96.4;1013.4;12.9;14;283.5;24.7;10;10;2025-01-21T06:02:30;2025-01-21T18:10:08;0.75;Clear;Clear conditions throughout the day.;clear-day;
2024-05-12;-20.226666666666667;-39.95;79.6;78.3;79.1;79.6;78.3;79.1;71.2;77;79;48.4;12.5;rain;0;;11.2;10.3;77.1;1013.6;3.2;13.8;283.4;24.7;10;10;2025-01-22T06:02:47;2025-01-22T18:10:24;0.78;Rain;Clear conditions throughout the day with a chance of rain.;rain;
2024-05-12;35.6;-5.718333333333334;79.8;78.7;79.1;79.8;78.7;79.1;71.6;77.7;147;71;29.17;rain;0;;10.1;9.4;86.5;1012.9;3.3;14.7;284.6;24.9;10;10;2025-01-23T06:03:02;2025-01-23T18:10:39;0.81;Rain;Clear conditions throughout the day with a chance of rain.;rain;
2024-05-12;-22.001666666666665;-43.276666666666664;79.4;77.8;78.8;79.4;77.8;78.8;71.2;77.6;142;64.5;16.67;rain;0;;9.5;8.9;84.7;1012.5;5;14.3;284.6;24.9;10;10;2025-01-24T06:03:18;2025-01-24T18:10:53;0.84;Rain;Clear conditions throughout the day with rain clearing later.;rain;
2024-05-12;-28.768333333333334;-47.155;79.8;78.5;79.3;79.8;78.5;79.3;71.8;78;48;64.5;12.5;rain;0;;13.2;11.4;99.3;1012.3;38.1;14.8;282.8;24.7;9;10;2025-01-25T06:03:32;2025-01-25T18:11:06;0.87;Rain, Partially cloudy;Partly cloudy throughout the day with a chance of rain.;rain;
2024-05-12;-31.136666666666667;-50.66166666666667;80.1;79.1;79.6;84.6;79.1;80.2;72.6;79.1;28;64.5;12.5;rain;0;;17;15;86.5;1012.7;49.5;15;284.9;24.9;10;30;2025-01-26T06:03:45;2025-01-26T18:11:19;0.91;Rain, Partially cloudy;Partly cloudy throughout the day with storms possible.;rain;
2024-05-12;-34.92333333333333;-54.49;80;78.9;79.6;80;78.9;79.6;72.8;80;123;74.2;29.17;rain;0;;18.1;15;83.6;1012.6;14.3;13.5;285.6;24.9;10;30;2025-01-27T06:03:58;2025-01-27T18:11:30;0.94;Rain;Clear conditions throughout the day with storms possible.;rain;
2024-05-12;-31.67;-50.03;79.6;78.5;79;79.6;78.5;79;72.8;81.1;88;80.6;33.33;rain;0;;16.5;14.2;84.4;1012.5;34.5;14.2;281;24.4;10;30;2025-01-28T06:04:10;2025-01-28T18:11:41;0.97;Rain, Partially cloudy;Clearing in the afternoon with storms possible.;rain;
2023-10-26;-28.316666666666666;-48.85666666666667;69.5;68.6;69.1;69.5;68.6;69.1;56.9;65.3;36;100;37.5;rain;0;;16.3;14.5;281.7;1015.8;46.4;15;120.5;10.4;4;10;2025-01-14T07:05:54;2025-01-14T17:37:16;0.52;Rain, Partially cloudy;Partly cloudy throughout the day with a chance of rain throughout the day.;rain;remote
2023-10-26;-23.101666666666667;-46.945;69.5;68.6;69;69.5;68.6;69;58.9;70.4;12;9.7;12.5;rain;0;;19;16.6;251.3;1015.9;23.4;15;151.5;13.1;7;10;2025-01-15T07:05:47;2025-01-15T17:38:05;0.55;Partially cloudy;Clearing in the afternoon.;partly-cloudy-day;
2023-10-26;-20.84861111111111;7.1675;70.2;68.6;69.7;70.2;68.6;69.7;62.3;77.4;0.06;74.2;20.83;rain;0;;23.9;19.5;261.5;1016.8;45.4;14.5;118;10.3;6;10;2025-01-16T07:05:39;2025-01-16T17:38:54;0.59;Rain, Partially cloudy;Partly cloudy throughout the day with rain in the morning and afternoon.;rain;
2023-10-26;-16.5;1.5166666666666666;69;67.6;68.3;69;67.6;68.3;58.5;70.8;0;12.9;0;;0;;13.2;11.6;284.5;1021.9;48.5;15;148.1;12.9;7;10;2025-01-17T07:05:30;2025-01-17T17:39:44;0.62;Partially cloudy;Becoming cloudy in the afternoon.;partly-cloudy-day;
2023-10-26;-13.933333333333334;-2.6333333333333333;70.4;67.9;69.2;70.4;67.9;69.2;61.8;77.6;88;51.6;41.67;rain;0;;21.3;22.1;292.8;1024.4;52.1;14.3;174.8;15.1;7;10;2025-01-18T07:05:18;2025-01-18T17:40:34;0.65;Rain, Partially cloudy;Clearing in the afternoon with rain in the morning and afternoon.;rain;
2023-10-26;-23.721666666666668;-45.888333333333335;67.7;65.7;66.5;67.7;65.7;66.5;52.2;59.9;4;3.2;4.17;rain;0;;16.5;18.1;46.9;1028.9;86.9;15;98;8.4;5;10;2025-01-19T07:05:06;2025-01-19T17:41:24;0.68;Partially cloudy;Partly cloudy throughout the day.;partly-cloudy-day;
2023-10-26;-9.615555555555556;-7.65;66.5;64.8;65.6;66.5;64.8;65.6;53.2;64.1;36;3.2;29.17;rain;0;;17.4;17.7;79.4;1029.2;93.8;15;107;9;5;10;2025-01-20T07:04:51;2025-01-20T17:42:14;0.71;Overcast;Cloudy skies throughout the day.;cloudy;
2023-10-26;-20.175;-38.89333333333333;67.4;65;66.4;67.4;65;66.4;52.9;61.8;32;9.7;12.5;rain;0;;8.5;8.5;91.2;1027.1;50.1;15;142.3;12.3;6;10;2025-01-21T07:04:35;2025-01-21T17:43:04;0.75;Partially cloudy;Clearing in the afternoon.;partly-cloudy-day;
2023-10-26;-7.480833333333333;-12.683055555555557;68.4;66.8;67.5;68.4;66.8;67.5;54.5;63.1;0;3.2;0;;0;;6.9;6.5;254.5;1026.2;26.4;15;157.4;14;6;10;2025-01-22T07:04:17;2025-01-22T17:43:54;0.78;Partially cloudy;Clearing in the afternoon.;partly-cloudy-day;
2023-10-26;-14.735;-34.486666666666665;68.9;68.1;68.4;68.9;68.1;68.4;61.5;78.7;28;12.9;20.83;rain;0;;12.8;11.6;219.6;1024.8;28.8;15;100.8;8.7;5;10;2025-01-23T07:03:58;2025-01-23T17:44:44;0.81;Partially cloudy;Clearing in the afternoon.;partly-cloudy-day;
2023-10-26;-1.4141666666666666;-17.749444444444446;71.8;69;70;71.8;69;70;63.2;79.2;12;6.5;12.5;rain;0;;17.2;15.2;249.2;1023.1;73.3;15;72.9;6;3;10;2025-01-24T07:03:38;2025-01-24T17:45:35;0.84;Partially cloudy;Partly cloudy throughout the day.;partly-cloudy-day;
2023-10-26;-7.708333333333333;-31.831666666666667;71.9;70.5;71.1;71.9;70.5;71.1;62.4;74.2;4;9.7;4.17;rain;0;;14.3;13;238;1023.2;77.3;15;139.9;12.3;6;10;2025-01-25T07:03:15;2025-01-25T17:46:25;0.87;Partially cloudy;Partly cloudy throughout the day.;partly-cloudy-day;
2023-10-26;1.2008333333333332;-21.047777777777778;71.3;69.3;70.5;71.3;69.3;70.5;64.9;82.4;28;12.9;20.83;rain;0;;21.3;16.3;225.7;1025.3;87.5;14.8;122.9;10.5;6;10;2025-01-26T07:02:52;2025-01-26T17:47:15;0.91;Partially cloudy;Partly cloudy throughout the day.;partly-cloudy-day;
2023-10-26;-505;-27.033333333333335;68.8;68;68.4;68.8;68;68.4;61.5;78.7;16;19.4;12.5;rain;0;;18.1;18.8;52;1029.3;99.9;15;75.5;6.3;3;10;2025-01-27T07:02:26;2025-01-27T17:48:04;0.94;Overcast;Cloudy skies throughout the day.;cloudy;
2023-10-26;5.301111111111111;-26.21611111111111;67.7;66.8;67.2;67.7;66.8;67.2;57.5;71.1;0;32.3;0;;0;;16.6;15.7;68.8;1030.5;11.3;15;165.8;14.7;7;10;2025-01-28T07:02:00;2025-01-28T17:48:54;0.97;Clear;Clear conditions throughout the day.;clear-day;
2023-07-11;5.4783333333333335;-24.311666666666667;74.7;72.8;73.6;74.7;72.8;73.6;65.1;74.8;68;100;50;rain;0;;24.6;22.4;103.2;1017.1;75;14.7;293.7;25.5;10;10;2025-01-14T05:00:28;2025-01-14T18:19:22;0.52;Rain, Partially cloudy;Partly cloudy throughout the day with a chance of rain throughout the day.;rain;remote
2023-07-11;9.636944444444444;-31.998055555555556;74;72.9;73.5;74;72.9;73.5;66.9;79.8;28;29;20.83;rain;0;;23;20.6;100.6;1017;36.2;14.9;289.3;24.9;10;10;2025-01-15T05:01:10;2025-01-15T18:19:22;0.55;Partially cloudy;Partly cloudy throughout the day.;partly-cloudy-day;
2023-07-11;12.146666666666667;-21.486666666666668;75.5;73.1;74.3;75.5;73.1;74.3;65.1;73.3;16;16.1;16.67;rain;0;;19;16.3;112;1016.3;31.3;15;295.6;25.6;10;10;2025-01-16T05:01:51;2025-01-16T18:19:21;0.58;Partially cloudy;Partly cloudy throughout the day.;partly-cloudy-day;
2023-07-11;13.717777777777778;-35.86638888888889;74.2;72.6;73.5;74.2;72.6;73.5;67;80.2;148;48.4;58.33;rain;0;;8.7;8.7;92.2;1015.9;18.8;13.3;285.6;24.7;10;10;2025-01-17T05:02:33;2025-01-17T18:19:18;0.62;Rain;Clear conditions throughout the day with morning rain.;rain;
2023-07-11;18.77166666666667;-18.721666666666668;73.8;72.2;73.4;73.8;72.2;73.4;66.1;78.1;48;25.8;20.83;rain;0;;10.7;10.5;89.5;1016.3;5.4;14.7;356.8;30.9;10;10;2025-01-18T05:03:15;2025-01-18T18:19:14;0.65;Clear;Clear conditions throughout the day.;clear-day;
2023-07-11;17.835555555555555;-39.48222222222223;74.4;72.2;73.4;74.4;72.2;73.4;64.8;74.4;0.02;9.7;16.67;rain;0;;12.5;11.9;114.7;1017.5;13.9;15;381.2;33.1;10;10;2025-01-19T05:03:57;2025-01-19T18:19:09;0.68;Clear;Clear conditions throughout the day.;clear-day;
2023-07-11;25.436666666666667;-14.43;73.3;72.2;72.8;73.3;72.2;72.8;63.3;72.2;0;9.7;0;;0;;20.1;17.2;97.2;1019;0.8;15;355;30.6;10;10;2025-01-20T05:04:39;2025-01-20T18:19:03;0.71;Clear;Clear conditions throughout the day.;clear-day;
2023-07-11;21.61777777777778;-43.18083333333333;74.2;73;73.8;74.2;73;73.8;66.7;78.4;32;48.4;20.83;rain;0;;23.3;18.1;102.3;1019.3;29.1;15;283.8;24.9;10;10;2025-01-21T05:05:20;2025-01-21T18:18:55;0.75;Rain, Partially cloudy;Clearing in the afternoon with late afternoon rain.;rain;
2023-07-11;31.765;-9.448333333333334;74.7;73.7;74.4;74.7;73.7;74.4;66.7;77.1;48;38.7;29.17;rain;0;;18.3;15;109.6;1019.4;43.1;14.9;230;19.8;7;10;2025-01-22T05:06:02;2025-01-22T18:18:45;0.78;Partially cloudy;Partly cloudy throughout the day.;partly-cloudy-day;
2023-07-11;25.133888888888887;-48.8325;74.2;72.8;73.5;74.2;72.8;73.5;64.4;73.4;0.02;16.1;16.67;rain;0;;15.2;14.8;126.2;1017.8;54.1;15;289;24.9;9;10;2025-01-23T05:06:43;2025-01-23T18:18:35;0.81;Partially cloudy;Partly cloudy throughout the day.;partly-cloudy-day;
2023-07-11;28.866666666666667;-53.68333333333333;74.4;72.8;73.4;74.4;72.8;73.4;62.6;69;16;9.7;12.5;rain;0;;12.7;13.2;119.2;1016.4;88.6;15;214.1;18.6;7;10;2025-01-24T05:07:24;2025-01-24T18:18:23;0.84;Partially cloudy;Partly cloudy throughout the day.;partly-cloudy-day;
2023-07-11;32.18527777777778;-58.56583333333334;73.7;72.2;73;73.7;72.2;73;62.4;69.4;8;9.7;8.33;rain;0;;10.7;11;105.6;1017.7;42.3;15;309.1;26.9;10;10;2025-01-25T05:08:05;2025-01-25T18:18:09;0.87;Partially cloudy;Clearing in the afternoon.;partly-cloudy-day;
2023-07-11;31.408333333333335;-31.54;73.5;72.1;72.8;73.5;72.1;72.8;63;71.2;4;9.7;4.17;rain;0;;15.7;14.3;117.5;1019.3;34.7;15;290.1;24.9;10;10;2025-01-26T05:08:45;2025-01-26T18:17:54;0.9;Partially cloudy;Clearing in the afternoon.;partly-cloudy-day;
2023-07-11;21.6;-66.01666666666667;73.8;72.6;73.2;73.8;72.6;73.2;63.7;72.2;0;22.6;0;;0;;19;17.4;111.6;1020.1;0.9;15;359.3;30.9;10;10;2025-01-27T05:09:25;2025-01-27T18:17:38;0.94;Clear;Clear conditions throughout the day.;clear-day;
2023-07-11;18.233333333333334;-60.46666666666667;74.6;72.9;73.7;74.6;72.9;73.7;66.2;77.6;24;19.4;12.5;rain;0;;21.3;18.3;109.1;1019.2;60.7;15;276.1;24;8;10;2025-01-28T05:10:05;2025-01-28T18:17:21;0.97;Partially cloudy;Partly cloudy throughout the day.;partly-cloudy-day;
2023-02-07;14.2;-56.15;80.3;79.1;79.9;84.4;79.1;81.7;72.3;77.6;87;100;29.17;rain;0;;20.8;19.7;77.5;1010.6;70.5;14.9;316.7;27.3;10;30;2025-01-14T05:57:37;2025-01-14T18:36:53;0.52;Rain, Partially cloudy;Partly cloudy throughout the day with storms possible.;rain;remote
2023-02-07;10.316666666666666;-49.21666666666667;80.5;79.2;79.8;83.7;79.2;80.3;70.4;73.3;0.02;61.3;20.83;rain;0;;19;17;84.5;1011.7;35.4;15;317.6;27.3;10;10;2025-01-15T05:58:07;2025-01-15T18:37:05;0.55;Rain, Partially cloudy;Clearing in the afternoon with a chance of rain.;rain;
2023-02-07;-38.766666666666666;-56.56666666666667;80;78.5;79.3;80;78.5;79.3;69.7;72.7;8;48.4;8.33;rain;0;;13.9;14.5;111.8;1013;5.8;15;329.7;28.4;10;30;2025-01-16T05:58:38;2025-01-16T18:37:16;0.58;Rain;Clear conditions throughout the day with storms possible.;rain;
2023-02-07;6.0;-44.65;79.4;78.5;79;79.4;78.5;79;69.4;72.6;12;29;12.5;rain;0;;14.3;14.3;102.3;1013.5;83.9;15;246.5;21.3;9;10;2025-01-17T05:59:07;2025-01-17T18:37:25;0.62;Partially cloudy;Partly cloudy throughout the day.;partly-cloudy-day;
2023-02-07;-41.583333333333336;-58.2;79.4;78;78.8;79.4;78;78.8;70.9;76.8;24;25.8;25;rain;0;;14.8;14.5;97.6;1013.6;70.5;14.9;311;26.8;10;10;2025-01-18T05:59:37;2025-01-18T18:37:34;0.65;Partially cloudy;Partly cloudy throughout the day.;partly-cloudy-day;
2023-02-07;1.2666666666666666;-38.416666666666664;80.5;78.9;79.6;83.6;78.9;80.6;70.5;73.7;36;35.5;12.5;rain;0;;16.8;17.4;82.4;1013.6;18.9;15;313.8;27.2;10;10;2025-01-19T06:00:06;2025-01-19T18:37:41;0.68;Clear;Clear conditions throughout the day.;clear-day;
2023-02-07;-44.733333333333334;-60.016666666666666;80.1;79.4;79.7;84.5;79.4;80.2;72.6;79;0.06;29;25;rain;0;;17;16.1;94.7;1013.6;6;15;296.3;25.8;10;30;2025-01-20T06:00:34;2025-01-20T18:37:48;0.71;Clear;Clear conditions throughout the day.;clear-day;
2023-02-07;-1.7833333333333332;-34.65;80.3;78.7;79.6;84.5;78.7;80.6;72.4;78.7;189;35.5;20.83;rain;0;;19.5;17.2;99.5;1014.7;53.5;14.9;286.6;24.6;10;30;2025-01-21T06:01:02;2025-01-21T18:37:54;0.75;Partially cloudy;Partly cloudy throughout the day with storms possible.;partly-cloudy-day;
2023-02-07;-48.65;-64.66666666666667;80.1;78.7;79.5;83;78.7;79.7;70.5;74;52;22.6;20.83;rain;0;;20.8;19;96.9;1014.6;53.3;14.3;262.9;22.8;9;10;2025-01-22T06:01:30;2025-01-22T18:37:58;0.78;Partially cloudy;Clearing in the afternoon.;partly-cloudy-day;
2023-02-07;-5.533333333333333;-29.866666666666667;79.4;78.2;78.9;79.4;78.2;78.9;68.8;71.1;0;16.1;0;;0;;17.5;16.9;102.6;1014.4;2.7;15;309;27;10;10;2025-01-23T06:01:57;2025-01-23T18:38:02;0.81;Clear;Clear conditions throughout the day.;clear-day;
2023-02-07;-51.15;-69.51666666666667;80;78.3;78.9;80;78.3;78.9;70.4;75.3;154;22.6;20.83;rain;0;;15.5;14.8;88;1013.3;2.9;13.6;300.3;26.1;10;10;2025-01-24T06:02:24;2025-01-24T18:38:04;0.84;Clear;Clear conditions throughout the day.;clear-day;
2023-02-07;-9.2;-23.316666666666666;79.8;78.6;79.3;79.8;78.6;79.3;71.8;77.8;265;9.7;29.17;rain;0;;17.9;17;103.4;1013.1;12.6;12.7;298.6;26.1;10;30;2025-01-25T06:02:50;2025-01-25T18:38:06;0.87;Clear;Clear conditions throughout the day.;clear-day;
2023-02-07;-50.56666666666667;-75.71666666666667;80.1;78.5;79.5;83.3;78.5;80.2;71.1;75.7;0.11;16.1;20.83;rain;0;;16.9;16;76;1013.5;27.6;14.9;296.1;25.5;10;30;2025-01-26T06:03:15;2025-01-26T18:38:06;0.91;Partially cloudy;Partly cloudy throughout the day.;partly-cloudy-day;
2023-02-07;-13.366666666666667;-18.383333333333333;80.3;79.6;79.9;84.6;79.6;81.7;72.6;78.3;0.04;19.4;20.83;rain;0;;23.5;21.7;96.4;1014.1;60.8;14.6;285.8;24.6;10;30;2025-01-27T06:03:40;2025-01-27T18:38:05;0.94;Partially cloudy;Clearing in the afternoon.;partly-cloudy-day;
2023-02-07;-44.28333333333333;-75.53333333333333;80.9;79.4;80.1;83.9;79.4;81.9;70.6;73;0.06;22.6;25;rain;0;;22.4;20.1;101;1013.7;75.7;14.9;243.9;21;9;30;2025-01-28T06:04:04;2025-01-28T18:38:04;0.97;Partially cloudy;Partly cloudy throughout the day.;partly-cloudy-day;
2023-06-03;-17.666666666666668;-13.616666666666667;80.3;78;79.5;85;78;80.6;73.6;82.1;92;100;50;rain;0;;14.8;13.4;123.6;1009.8;71.9;14.5;278.5;24.1;10;30;2025-01-14T06:31:42;2025-01-14T18:35:08;0.52;Rain, Partially cloudy;Partly cloudy throughout the day with storms possible.;rain;remote
2023-06-03;-39.88333333333333;-75.36666666666666;79.8;78.7;79.4;79.8;78.7;79.4;72.2;78.7;115;51.6;33.33;rain;0;;15.2;13.6;132.2;1010.1;81.9;14.8;264;22.7;9;10;2025-01-15T06:32:03;2025-01-15T18:35:30;0.55;Rain, Partially cloudy;Partly cloudy throughout the day with late afternoon rain.;rain;
2023-06-03;-21.716666666666665;-7.7;80.1;78.2;79.1;83.5;78.2;79.4;70.9;76.2;305;90.3;87.5;rain;0;;6.9;7.4;211.4;1011.2;90;13.5;242.5;21.1;9;10;2025-01-16T06:32:22;2025-01-16T18:35:51;0.58;Rain, Partially cloudy;Partly cloudy throughout the day with a chance of rain throughout the day.;rain;
2023-06-03;-33.266666666666666;-75.21666666666667;79.6;77.1;78.4;79.6;77.1;78.4;71;78.1;784;80.6;91.67;rain;0;;6.9;6.9;311;1012.6;58.8;10.3;287.7;24.9;10;10;2025-01-17T06:32:41;2025-01-17T18:36:12;0.62;Rain, Partially cloudy;Clearing in the afternoon with a chance of rain throughout the day.;rain;
2023-06-03;-24.466666666666665;-1.3;79.8;77.4;78.5;79.8;77.4;78.5;70.3;76;356;71;62.5;rain;0;;19.7;19.9;36.7;1013;69.3;12.4;259.9;22.4;10;10;2025-01-18T06:32:59;2025-01-18T18:36:32;0.65;Rain, Partially cloudy;Partly cloudy throughout the day with rain clearing later.;rain;
2023-06-03;-27.2;-75.06666666666666;79.6;78.5;79.1;79.6;78.5;79.1;70.6;75.4;0;38.7;0;;0;;10.1;9.4;107.6;1012.6;42.2;15;322;28.1;10;10;2025-01-19T06:33:17;2025-01-19T18:36:51;0.68;Partially cloudy;Becoming cloudy in the afternoon.;partly-cloudy-day;
2023-06-03;-28.883333333333333;4.35;80.1;78.7;79.5;83.8;78.7;80.5;71.4;76.2;8;38.7;4.17;rain;0;;9.3;9;120.8;1012.6;57.1;15;278.8;24;9;10;2025-01-20T06:33:34;2025-01-20T18:37:10;0.71;Partially cloudy;Partly cloudy throughout the day.;partly-cloudy-day;
2023-06-03;-22.85;-76.93333333333334;80;78.7;79.2;80;78.7;79.2;71.3;76.9;83;54.8;25;rain;0;;7.2;6.4;103.5;1013.2;6.6;13.8;288;24.9;10;10;2025-01-21T06:33:50;2025-01-21T18:37:28;0.75;Rain;Clear conditions throughout the day with early morning rain.;rain;
2023-06-03;-30.066666666666666;10.95;79.6;78.3;79.1;79.6;78.3;79.1;70.8;76;28;45.2;16.67;rain;0;;5.4;5.1;100;1013.5;2.4;14.8;288.5;25.2;10;10;2025-01-22T06:34:05;2025-01-22T18:37:45;0.78;Rain;Clear conditions throughout the day with a chance of rain.;rain;
2023-06-03;-16.6;-76.8;80;78.3;79.3;80;78.3;79.3;70.2;73.9;55;61.3;12.5;rain;0;;4.5;4.3;98.6;1013;3.3;14.9;289.1;25.2;10;10;2025-01-23T06:34:19;2025-01-23T18:38:01;0.81;Rain;Clear conditions throughout the day with rain clearing later.;rain;
2023-06-03;-7.366666666666667;-79.85;80;78.3;79.2;80;78.3;79.2;70.2;73.9;24;54.8;8.33;rain;0;;5.8;5.4;90.8;1012.6;3.1;15;289.5;25.2;10;10;2025-01-24T06:34:33;2025-01-24T18:38:17;0.84;Rain;Clear conditions throughout the day with early morning rain.;rain;
2023-06-03;-2.3833333333333333;-80.23333333333333;80.3;78.9;79.6;83.9;78.9;80.5;71.1;75.4;8;61.3;8.33;rain;0;;8.3;7.6;99.2;1012.4;1.6;15;291.4;25.2;10;10;2025-01-25T06:34:45;2025-01-25T18:38:32;0.87;Rain;Clear conditions throughout the day with early morning rain.;rain;
2023-06-03;1.5166666666666666;-79.83333333333333;80.1;78.9;79.5;83.9;78.9;80.2;71.7;77;51;61.3;16.67;rain;0;;10.5;8.9;99.4;1013.1;7.4;15;290.6;25.2;10;30;2025-01-26T06:34:57;2025-01-26T18:38:46;0.9;Rain;Clear conditions throughout the day with storms possible.;rain;
2023-06-03;8.35;-78.63333333333334;80.3;79.4;79.8;84.5;79.4;81;72.3;77.9;143;48.4;29.17;rain;0;;14.3;12.8;90.1;1013;23;14.8;286.4;24.9;10;30;2025-01-27T06:35:08;2025-01-27T18:38:59;0.94;Rain, Partially cloudy;Clearing in the afternoon with storms possible.;rain;
2023-06-03;11.833333333333334;-79.66666666666667;80.3;77.8;79.4;84.2;77.8;80.2;72;78.2;123;58.1;16.67;rain;0;;11.8;10.4;87.4;1012.3;62.9;14.6;274;24;9;10;2025-01-28T06:35:19;2025-01-28T18:39:12;0.97;Rain, Partially cloudy;Partly cloudy throughout the day with early morning rain.;rain;
2023-05-31;17.633333333333333;-81.71666666666667;76.9;75.1;76;76.9;75.1;76;66.7;72.9;12;100;12.5;rain;0;;21;19.7;123.7;1011.8;74.1;15;248.1;21.4;8;10;2025-01-14T05:21:04;2025-01-14T17:58:29;0.52;Rain, Partially cloudy;Partly cloudy throughout the day with rain clearing later.;rain;remote
2023-05-31;21.8;-85.9;77.8;74.9;76.2;77.8;74.9;76.2;68.4;76.9;52;12.9;54.17;rain;0;;20.1;19;114.9;1011.5;84.4;15;169;14.6;6;10;2025-01-15T05:21:34;2025-01-15T17:58:41;0.55;Partially cloudy;Partly cloudy throughout the day.;partly-cloudy-day;
2023-05-31;25.766666666666666;-89.68333333333334;78;75.8;76.7;78;75.8;76.7;67.3;72.8;0.02;0;20.83;rain;0;;15.2;14.5;128.9;1012.3;79.1;15;215.1;18.8;8;10;2025-01-16T05:22:03;2025-01-16T17:58:52;0.58;Partially cloudy;Partly cloudy throughout the day.;partly-cloudy-day;
2023-05-31;-28.333333333333332;15.8;76.2;75.1;75.7;76.2;75.1;75.7;65.2;70;8;0;8.33;rain;0;;11.4;12.8;146.6;1013.8;55.2;15;301.4;26.1;10;10;2025-01-17T05:22:33;2025-01-17T17:59:02;0.62;Partially cloudy;Becoming cloudy in the afternoon.;partly-cloudy-day;
2023-05-31;-21.066666666666666;12.633333333333333;75.6;74.7;75.3;75.6;74.7;75.3;65.9;72.8;4;3.2;4.17;rain;0;;13;13;134.2;1014.5;57.8;15;246.6;21.3;10;10;2025-01-18T05:23:02;2025-01-18T17:59:12;0.65;Partially cloudy;Partly cloudy throughout the day.;partly-cloudy-day;
2023-05-31;-15.183333333333334;9.766666666666667;75.8;75.3;75.6;75.8;75.3;75.6;65.6;71.1;4;0;4.17;rain;0;;14.5;14.3;142.5;1014.5;47.9;15;358.4;31.2;10;10;2025-01-19T05:23:30;2025-01-19T17:59:20;0.68;Partially cloudy;Clearing in the afternoon.;partly-cloudy-day;
2023-05-31;-11.783333333333333;4.033333333333333;77.3;74.9;76.1;77.3;74.9;76.1;65.9;70.8;16;0;16.67;rain;0;;15.4;15;131.6;1014.1;100;15;170;14.9;6;10;2025-01-20T05:23:58;2025-01-20T17:59:27;0.71;Overcast;Cloudy skies throughout the day.;cloudy;
2023-05-31;-6.35;-0.6833333333333333;77.1;75.6;76.5;77.1;75.6;76.5;67.8;74.6;64;12.9;25;rain;0;;13.6;13;108.6;1014.2;72.7;14.9;205.5;17.9;7;10;2025-01-21T05:24:25;2025-01-21T17:59:34;0.75;Partially cloudy;Partly cloudy throughout the day.;partly-cloudy-day;
2023-05-31;-1.1333333333333333;-5.266666666666667;76.9;75.6;76.4;76.9;75.6;76.4;67.4;73.8;0;3.2;0;;0;;15.9;15.4;127;1015.2;22.1;15;330.3;28.5;10;10;2025-01-22T05:24:52;2025-01-22T17:59:39;0.78;Partially cloudy;Partly cloudy throughout the day.;partly-cloudy-day;
2023-05-31;1.8833333333333333;-11.95;76.6;75.3;76.1;76.6;75.3;76.1;67.5;74.8;0.02;0;16.67;rain;0;;15.2;14.5;142.7;1014.2;82.6;15;236.6;20.6;8;10;2025-01-23T05:25:19;2025-01-23T17:59:43;0.81;Partially cloudy;Partly cloudy throughout the day.;partly-cloudy-day;
2023-05-31;6.633333333333333;-16.6;76.7;75.1;75.9;76.7;75.1;75.9;65.7;70.8;12;0;8.33;rain;0;;14;13.6;145.6;1013.3;79.6;15;172.1;15.2;6;10;2025-01-24T05:25:45;2025-01-24T17:59:46;0.84;Partially cloudy;Partly cloudy throughout the day.;partly-cloudy-day;
2023-05-31;10.95;-21.583333333333332;77.3;75.6;76.7;77.3;75.6;76.7;66.7;71.5;12;3.2;12.5;rain;0;;13;12.3;146;1014.1;68.4;15;220.6;19.7;8;10;2025-01-25T05:26:10;2025-01-25T17:59:49;0.87;Partially cloudy;Partly cloudy throughout the day.;partly-cloudy-day;
2023-05-31;15.316666666666666;-26.25;76.9;76.4;76.6;76.9;76.4;76.6;67.5;73.5;8;3.2;8.33;rain;0;;13.9;13.4;133.8;1014.4;75.5;15;276.8;24;8;10;2025-01-26T05:26:35;2025-01-26T17:59:50;0.9;Partially cloudy;Partly cloudy throughout the day.;partly-cloudy-day;
2023-05-31;23.266666666666666;-79.8;77.8;76;77.2;77.8;76;77.2;67.2;71.5;8;6.5;8.33;rain;0;;13;12.3;116.4;1014.8;55.2;15;227.1;19.7;8;10;2025-01-27T05:26:59;2025-01-27T17:59:50;0.94;Partially cloudy;Partly cloudy throughout the day.;partly-cloudy-day;
2023-05-31;19.5;-32.766666666666666;78;76.4;77.6;78;76.4;77.6;68.1;72.8;0.04;19.4;29.17;rain;0;;14.8;14.5;124.1;1013.2;73.8;15;217.4;18.8;8;10;2025-01-28T05:27:23;2025-01-28T17:59:49;0.97;Partially cloudy;Partly cloudy throughout the day.;partly-cloudy-day;
2023-12-06;21.183333333333334;-73.25;77.1;76;76.5;77.1;76;76.5;62.9;62.7;0;0;0;;0;;17.4;17;31.6;1011.6;63.8;15;254.4;22;9;10;2025-01-14T05:52:41;2025-01-14T17:27:10;0.52;Partially cloudy;Partly cloudy throughout the day.;partly-cloudy-day;remote
2023-12-06;23.433333333333334;-37.1;76.7;76;76.5;76.7;76;76.5;64.6;66.7;0;0;0;;0;;15.9;15.2;26.5;1011.7;71.1;15;252.7;21.8;9;10;2025-01-15T05:52:53;2025-01-15T17:27:41;0.55;Partially cloudy;Partly cloudy throughout the day.;partly-cloudy-day;
2023-12-06;19.95;-68.15;75.8;75.5;75.6;75.8;75.5;75.6;64.8;69.2;0;0;0;;0;;17.4;17.2;15.6;1012.8;81.5;15;243.8;21;8;10;2025-01-16T05:53:04;2025-01-16T17:28:11;0.58;Partially cloudy;Partly cloudy throughout the day.;partly-cloudy-day;
2023-12-06;27.133333333333333;-43.13333333333333;76.2;75.1;75.8;76.2;75.1;75.8;65.1;69.6;0;0;0;;0;;16.3;16.1;13.2;1014;65.1;15;217.4;18.9;9;10;2025-01-17T05:53:14;2025-01-17T17:28:41;0.62;Partially cloudy;Partly cloudy throughout the day.;partly-cloudy-day;
2023-12-06;19.4;-63.2;77.6;76.2;77.1;77.6;76.2;77.1;65.8;68.2;0;0;0;;0;;20.4;18.8;37.3;1014.7;93.9;15;242.4;20.9;9;10;2025-01-18T05:53:23;2025-01-18T17:29:10;0.65;Overcast;Cloudy skies throughout the day.;cloudy;
2023-12-06;30.616666666666667;-50.666666666666664;77.3;76.7;77;77.3;76.7;77;65.1;66.7;0;0;0;;0;;23.9;21.9;44;1014.4;33.1;15;289.8;25;9;10;2025-01-19T05:53:31;2025-01-19T17:29:39;0.68;Partially cloudy;Clearing in the afternoon.;partly-cloudy-day;
2023-12-06;33.68333333333333;-57.9;76.6;76.1;76.3;76.6;76.1;76.3;64.6;67.2;0;0;0;;0;;17;16.3;26.4;1014.3;5.8;15;261.8;22.5;9;10;2025-01-20T05:53:38;2025-01-20T17:30:07;0.71;Clear;Clear conditions throughout the day.;clear-day;
2023-12-06;13.983333333333333;-54.06666666666667;76.2;75.6;75.9;76.2;75.6;75.9;64.7;68.2;0;0;0;;0;;13.4;13.4;21.4;1014.6;19.8;15;261.6;22.5;9;10;2025-01-21T05:53:45;2025-01-21T17:30:35;0.75;Clear;Clear conditions throughout the day.;clear-day;
2023-12-06;10.816666666666666;-50.43333333333333;75.6;75.1;75.3;75.6;75.1;75.3;65.5;71.5;0;0;0;;0;;17.7;17.4;18.3;1015;4.1;15;262.5;22.8;9;10;2025-01-22T05:53:50;2025-01-22T17:31:02;0.78;Clear;Clear conditions throughout the day.;clear-day;
2023-12-06;7.433333333333334;-45.083333333333336;75.3;74.7;74.9;75.3;74.7;74.9;65.2;71.7;4;0;4.17;rain;0;;15.2;15;23.5;1014.5;65;15;154.5;13.2;6;10;2025-01-23T05:53:54;2025-01-23T17:31:29;0.81;Partially cloudy;Partly cloudy throughout the day.;partly-cloudy-day;
2023-12-06;4.533333333333333;-42.95;75.1;74;74.6;75.1;74;74.6;65;72;0.02;3.2;16.67;rain;0;;14.8;14.3;27.7;1014.4;93;15;181.6;15.9;7;10;2025-01-24T05:53:57;2025-01-24T17:31:55;0.84;Overcast;Cloudy skies throughout the day.;cloudy;
2023-12-06;1.75;-38.666666666666664;76;74.4;74.9;76;74.4;74.9;65.5;72.5;12;3.2;12.5;rain;0;;14.8;14.3;26.9;1014.4;91.5;15;170.4;14.4;6;10;2025-01-25T05:53:59;2025-01-25T17:32:21;0.87;Overcast;Cloudy skies throughout the day.;cloudy;
2023-12-06;-6.766666666666667;-33.666666666666664;76;75.1;75.4;76;75.1;75.4;66.9;75;0;3.2;0;;0;;16.3;16.3;24;1015;88.9;15;251.9;21.6;9;10;2025-01-26T05:53:59;2025-01-26T17:32:46;0.91;Partially cloudy;Partly cloudy throughout the day.;partly-cloudy-day;
2023-12-06;29.086666666666666;-120.975;75.8;74.9;75.5;75.8;74.9;75.5;67.8;77.1;4;3.2;4.17;rain;0;;19.7;19.2;32.1;1015;94.5;15;256.1;22.2;9;10;2025-01-27T05:53:59;2025-01-27T17:33:11;0.94;Overcast;Cloudy skies throughout the day.;cloudy;
2023-12-06;25.596666666666668;-123.10166666666667;75.5;75.2;75.4;75.5;75.2;75.4;67.5;76.5;0;0;0;;0;;20.6;19.9;28.6;1014.1;49;15;243.5;21;8;10;2025-01-28T05:53:58;2025-01-28T17:33:35;0.97;Partially cloudy;Partly cloudy throughout the day.;partly-cloudy-day;
2024-03-14;24.9;-74.93333333333334;75.8;74.7;75.3;75.8;74.7;75.3;67.8;77.5;28;100;20.83;rain;0;;21.7;20.1;102.7;1012.9;41.8;15;317.9;27.7;10;10;2025-01-14T06:03:06;2025-01-14T18:51:08;0.52;Rain, Partially cloudy;Partly cloudy throughout the day with rain clearing later.;rain;remote
2024-03-14;22.1;-127.53;77.1;74.7;75.9;77.1;74.7;75.9;66.1;71.8;24;0;25;rain;0;;18.3;17.9;106.5;1013;81.2;15;250.9;21.5;10;10;2025-01-15T06:03:39;2025-01-15T18:51:17;0.55;Partially cloudy;Partly cloudy throughout the day.;partly-cloudy-day;
2024-03-14;20.666666666666668;-67.21666666666667;76.6;74.9;75.6;76.6;74.9;75.6;65.7;71.6;32;6.5;33.33;rain;0;;13.2;13.4;112.8;1013.9;95.5;15;187;16.3;7;10;2025-01-16T06:04:12;2025-01-16T18:51:25;0.58;Overcast;Cloudy skies throughout the day.;cloudy;
2024-03-14;18.506666666666668;-130.11833333333334;77.3;76;76.6;77.3;76;76.6;68.7;76.9;16;9.7;16.67;rain;0;;15;13.2;110.4;1014.5;40.6;15;318.1;27.6;10;10;2025-01-17T06:04:44;2025-01-17T18:51:32;0.62;Partially cloudy;Clearing in the afternoon.;partly-cloudy-day;
2024-03-14;13.5;-63.05;76.2;75.3;75.7;76.2;75.3;75.7;68.2;77.6;8;12.9;8.33;rain;0;;14.3;14.1;100.6;1015.3;6.1;15;340.5;29.5;10;10;2025-01-18T06:05:16;2025-01-18T18:51:38;0.65;Clear;Clear conditions throughout the day.;clear-day;
2024-03-14;14.873333333333333;-134.865;76.2;74.7;75.7;76.2;74.7;75.7;67.8;76.7;28;9.7;25;rain;0;;14.5;14.5;104.9;1015.5;41.4;14.9;270.7;23.3;10;10;2025-01-19T06:05:48;2025-01-19T18:51:43;0.68;Partially cloudy;Partly cloudy throughout the day.;partly-cloudy-day;
2024-03-14;13.533333333333333;-57.68333333333333;76.7;74.9;75.7;76.7;74.9;75.7;67.2;75.1;8;3.2;8.33;rain;0;;16.8;16.1;112.3;1015.5;44.2;15;230.8;20.1;7;10;2025-01-20T06:06:20;2025-01-20T18:51:46;0.71;Partially cloudy;Partly cloudy throughout the day.;partly-cloudy-day;
2024-03-14;11.181666666666667;-137.71666666666667;76.9;75.1;76;76.9;75.1;76;67.4;74.9;64;9.7;25;rain;0;;15.7;14.8;114;1015.6;43.6;14.6;277.4;23.7;9;10;2025-01-21T06:06:51;2025-01-21T18:51:49;0.75;Partially cloudy;Clearing in the afternoon.;partly-cloudy-day;
2024-03-14;9.133333333333333;-51.68333333333333;75.6;74.7;75.3;75.6;74.7;75.3;68.8;80.4;185;32.3;33.33;rain;0;;20.4;18.6;105.4;1015.6;62.9;12.6;255.1;21.9;8;10;2025-01-22T06:07:21;2025-01-22T18:51:50;0.78;Partially cloudy;Partly cloudy throughout the day.;partly-cloudy-day;
2024-03-14;7.425;-140.61;76;75.3;75.6;76;75.3;75.6;67.5;76;8;19.4;8.33;rain;0;;17.6;17.1;110.5;1015.4;7.3;14.9;326;28.1;10;10;2025-01-23T06:07:52;2025-01-23T18:51:51;0.81;Clear;Clear conditions throughout the day.;clear-day;
2024-03-14;5.5;-45.55;76.4;74.9;75.5;76.4;74.9;75.5;65.3;70.7;4;6.5;4.17;rain;0;;13.6;13.4;102.6;1014.5;14.8;15;332.1;28.8;10;10;2025-01-24T06:08:21;2025-01-24T18:51:50;0.84;Clear;Clear conditions throughout the day.;clear-day;
2024-03-14;3.7283333333333335;-143.61666666666667;76.7;74.6;75.6;76.7;74.6;75.6;65.9;71.9;0;3.2;0;;0;;13.4;12.8;94.7;1015.2;13.2;15;330.4;28.5;10;10;2025-01-25T06:08:51;2025-01-25T18:51:48;0.87;Clear;Clear conditions throughout the day.;clear-day;
2024-03-14;1.9166666666666665;-39.21666666666667;77.3;75.6;76.3;77.3;75.6;76.3;67.2;73.6;8;3.2;8.33;rain;0;;17.2;15;113.3;1015.9;74.2;15;253.5;21.9;9;10;2025-01-26T06:09:19;2025-01-26T18:51:45;0.9;Partially cloudy;Partly cloudy throughout the day.;partly-cloudy-day;
2024-03-14;0.2983333333333333;-146.40333333333334;77;76.2;76.6;77;76.2;76.6;68.4;76;0.04;6.5;25;rain;0;;19.2;18.3;115.7;1016.3;83.5;15;220.1;19.2;7;10;2025-01-27T06:09:48;2025-01-27T18:51:41;0.94;Partially cloudy;Partly cloudy throughout the day.;partly-cloudy-day;
2024-03-14;-0.35;-34.416666666666664;76.4;75.6;76;76.4;75.6;76;68.1;76.5;24;22.6;20.83;rain;0;;18.3;18.6;114.2;1015.2;38.7;15;229.8;19.8;7;10;2025-01-28T06:10:15;2025-01-28T18:51:36;0.97;Partially cloudy;Partly cloudy throughout the day.;partly-cloudy-day;
2023-11-16;-3.94;-149.395;80;78.7;79.4;80;78.7;79.4;70.7;74.9;28;100;29.17;rain;0;;21.9;20.1;44.5;1010.4;95.2;15;192.7;16.6;9;10;2025-01-14T05:49:03;2025-01-14T17:44:55;0.52;Rain, Overcast;Cloudy skies throughout the day with a chance of rain throughout the day.;rain;remote
2023-11-16;-4.216666666666667;-29.416666666666668;80;78.7;79.3;80;78.7;79.3;71.7;77.8;297;93.5;58.33;rain;0;;21.3;19.7;32.7;1011;99.5;11.7;89.9;7.9;4;10;2025-01-15T05:49:21;2025-01-15T17:45:19;0.55;Rain, Overcast;Cloudy skies throughout the day with rain.;rain;
2023-11-16;-6.233333333333333;-152.41166666666666;78.5;73.3;75.9;78.5;73.3;75.9;72;88.1;5.048;93.5;87.5;rain;0;;18.6;16.8;78.3;1012.5;99.8;7.3;24;2;2;10;2025-01-16T05:49:39;2025-01-16T17:45:43;0.59;Rain, Overcast;Cloudy skies throughout the day with a chance of rain throughout the day.;rain;
2023-11-16;-8.333333333333334;-24.25;79.2;76.2;77.6;79.2;76.2;77.6;71.6;81.7;168;80.6;54.17;rain;0;;13.4;13.4;80.5;1013;90.9;14.3;98.6;8.5;6;10;2025-01-17T05:49:55;2025-01-17T17:46:06;0.62;Rain, Overcast;Cloudy skies throughout the day with a chance of rain throughout the day.;rain;
2023-11-16;-10.58;-155.38833333333332;79.4;78.7;79.1;79.4;78.7;79.1;71.9;78.6;103;80.6;37.5;rain;0;;18.3;17;51.1;1012.9;38.6;14.2;285.2;24.5;10;10;2025-01-18T05:50:11;2025-01-18T17:46:28;0.65;Rain, Partially cloudy;Clearing in the afternoon with a chance of rain throughout the day.;rain;
2023-11-16;-12.3;-19.483333333333334;79.1;77.6;78.5;79.1;77.6;78.5;71.9;80.3;426;51.6;54.17;rain;0;;19.5;17.7;56.6;1013.1;43.2;11.2;298.2;25.6;9;10;2025-01-19T05:50:26;2025-01-19T17:46:50;0.68;Rain, Partially cloudy;Becoming cloudy in the afternoon with late afternoon rain.;rain;
2023-11-16;-13.128333333333334;-158.42;79.4;77.4;78.6;79.4;77.4;78.6;72.5;81.6;354;54.8;33.33;rain;0;;17.8;16.3;44.6;1013.5;75.6;13.6;252.5;21.9;8;30;2025-01-20T05:50:41;2025-01-20T17:47:11;0.71;Rain, Partially cloudy;Partly cloudy throughout the day with storms possible.;rain;
2023-11-16;-16.416666666666668;-14.85;79.8;75.6;78.3;79.8;75.6;78.3;71.2;79.1;0.48;45.2;20.83;rain;0;;21.3;18.4;58.4;1013.6;65;12.6;248.3;21.6;8;10;2025-01-21T05:50:54;2025-01-21T17:47:31;0.75;Rain, Partially cloudy;Partly cloudy throughout the day with early morning rain.;rain;
2023-11-16;-19.016666666666666;-9.916666666666666;79.4;78.2;78.9;79.4;78.2;78.9;72.8;81.8;366;54.8;33.33;rain;0;;21.7;18.8;74;1013.4;19.7;11.3;284.4;24.8;9;30;2025-01-22T05:51:06;2025-01-22T17:47:51;0.78;Rain;Clear conditions throughout the day with storms possible.;rain;
2023-11-16;-17.856666666666666;-161.50166666666667;80.1;78.3;79.4;84;78.3;80.1;72.4;79.1;284;54.8;25;rain;0;;20.6;18.6;59.5;1012.8;29.3;13.3;288.4;24.8;9;30;2025-01-23T05:51:18;2025-01-23T17:48:10;0.81;Rain, Partially cloudy;Partly cloudy throughout the day with storms possible.;rain;
2023-11-16;-23.416666666666668;-3.8666666666666667;79.8;78.9;79.5;79.8;78.9;79.5;72.2;78.3;52;41.9;25;rain;0;;19.7;17.9;60.9;1012.3;60.5;14.7;260.4;22.5;8;30;2025-01-24T05:51:29;2025-01-24T17:48:29;0.84;Partially cloudy;Partly cloudy throughout the day with storms possible.;partly-cloudy-day;
2023-11-16;-20.801666666666666;-164.52;79.6;78.9;79.2;79.6;78.9;79.2;72.8;80.6;189;48.4;29.17;rain;0;;20.1;17.9;65.4;1011.8;71.6;14.8;281.1;24.3;9;30;2025-01-25T05:51:39;2025-01-25T17:48:46;0.87;Rain, Partially cloudy;Partly cloudy throughout the day with storms possible.;rain;
2023-11-16;-26.1;2.033333333333333;78.9;78.3;78.6;78.9;78.3;78.6;73;83;343;58.1;33.33;rain;0;;19.8;17.4;66.2;1012.5;88.1;12.6;275.8;24;9;30;2025-01-26T05:51:48;2025-01-26T17:49:03;0.91;Rain, Partially cloudy;Partly cloudy throughout the day with storms possible.;rain;
2023-11-16;-30.201666666666668;13.666666666666666;79.4;78.5;78.9;79.4;78.5;78.9;73.3;83;425;58.1;33.33;rain;0;;21.5;18.6;69.7;1012.5;66.2;13.7;270.1;23.1;8;30;2025-01-27T05:51:56;2025-01-27T17:49:20;0.94;Rain, Partially cloudy;Partly cloudy throughout the day with storms possible.;rain;
2023-11-16;-26.13;7.671666666666667;79.8;78.2;78.9;79.8;78.2;78.9;73.4;83.3;518;61.3;33.33;rain;0;;22.6;19;72.9;1012.3;97.9;11;247.8;21.3;8;30;2025-01-28T05:52:03;2025-01-28T17:49:35;0.97;Rain, Overcast;Cloudy skies throughout the day with storms possible.;rain;
2023-08-01;-22.448333333333334;1.925;81.1;80.3;80.7;86.9;85.1;85.7;73.9;79.8;84;100;58.33;rain;0;;27.7;23.7;48.9;1014.1;48.5;14.5;247.4;21.5;9;30;2025-01-14T06:42:56;2025-01-14T18:13:02;0.52;Rain, Partially cloudy;Partly cloudy throughout the day with storms possible.;rain;remote
2023-08-01;-17.106666666666666;-2.39;80.9;80.1;80.5;85.9;84;85;72.8;77.4;48;90.3;41.67;rain;0;;29.1;24.2;43.9;1014.7;62.6;14.7;251.9;21.8;9;30;2025-01-15T06:43:07;2025-01-15T18:13:34;0.56;Rain, Partially cloudy;Partly cloudy throughout the day with storms possible.;rain;
2023-08-01;-13.54;-7.565;80.7;79.6;80.3;85.4;79.6;83.5;72.7;77.7;116;74.2;54.17;rain;0;;25.1;22.6;47.8;1014.8;23.8;14;251.3;21.6;9;30;2025-01-16T06:43:17;2025-01-16T18:14:05;0.59;Rain, Partially cloudy;Partly cloudy throughout the day with storms possible.;rain;
2023-08-01;-8.051666666666666;-12.276666666666667;80.7;79.6;80.3;85.4;79.6;84.2;73;78.5;263;74.2;79.17;rain;0;;24.2;21.3;48.6;1014.2;46.8;13.9;244.3;21.1;9;30;2025-01-17T06:43:25;2025-01-17T18:14:36;0.62;Rain, Partially cloudy;Partly cloudy throughout the day with storms possible.;rain;
2023-08-01;-4.808333333333334;-16.276666666666667;80.9;79.6;80.4;86.6;79.6;84.6;73.9;80.4;0.16;74.2;58.33;rain;0;;24.4;20.6;60.6;1013;29.9;14.4;246.6;21.4;9;60;2025-01-18T06:43:33;2025-01-18T18:15:07;0.65;Rain, Partially cloudy;Becoming cloudy in the afternoon with storms possible.;rain;
2023-08-01;0.49333333333333335;-21.765;81.1;80;80.6;86.6;80;85.3;74.2;81.1;219;67.7;54.17;rain;0;;25;21.7;68.8;1013;18.7;13.8;229.8;20;8;60;2025-01-19T06:43:39;2025-01-19T18:15:37;0.69;Rain;Clear conditions throughout the day with storms possible.;rain;
2023-08-01;4.255;-25.215;80.9;80.4;80.6;86.7;85.4;86;74.9;82.9;0.06;80.6;29.17;rain;0;;30.4;23.5;62.3;1013.8;13.9;14.9;232.6;20;8;60;2025-01-20T06:43:45;2025-01-20T18:16:07;0.72;Rain;Clear conditions throughout the day with storms possible.;rain;
2023-08-01;8.963333333333333;-30.658333333333335;80.7;80.1;80.5;86.3;84.9;85.7;74.8;83;178;77.4;33.33;rain;0;;32.2;24.5;53.8;1013.1;8.6;14.5;231.9;20;8;60;2025-01-21T06:43:49;2025-01-21T18:16:36;0.75;Rain;Clear conditions throughout the day with storms possible.;rain;
2023-08-01;13.735;-35.97;81.1;80.1;80.6;86.7;84.6;85.8;74.7;82.3;75;80.6;25;rain;0;;31.5;24.8;65;1011.8;54.4;14.9;225.3;19.7;8;60;2025-01-22T06:43:53;2025-01-22T18:17:05;0.78;Rain, Partially cloudy;Partly cloudy throughout the day with storms possible.;rain;
2023-08-01;18.34;-39.086666666666666;80.9;80;80.4;86.7;80;85.3;74.5;82.3;99;58.1;29.17;rain;0;;28.6;24.6;64.2;1011.1;25.3;14.8;236.3;20.6;8;60;2025-01-23T06:43:55;2025-01-23T18:17:33;0.81;Rain, Partially cloudy;Partly cloudy throughout the day with storms possible.;rain;
2023-08-01;23.41;-44.46333333333333;80.5;79.4;80;85.4;79.4;82;73.1;79.5;449;64.5;29.17;rain;0;;24.4;21.7;50.5;1012;67.4;12.1;223.6;19.4;8;30;2025-01-24T06:43:56;2025-01-24T18:18:01;0.85;Rain, Partially cloudy;Becoming cloudy in the afternoon with storms possible.;rain;
2023-08-01;28.445;-48.05833333333333;80.3;79.6;80;84.9;79.6;83.2;73.6;80.9;209;58.1;29.17;rain;0;;31.1;25.5;39;1012.5;99.8;14.2;103.9;9;5;30;2025-01-25T06:43:56;2025-01-25T18:18:29;0.88;Rain, Overcast;Cloudy skies throughout the day with storms possible.;rain;
2023-08-01;33.86333333333333;-53.336666666666666;80.9;80.1;80.4;86;84.7;85.4;74.3;81.7;79;67.7;25;rain;0;;32.2;24.6;50.3;1011;78.3;15;200.1;17.4;7;60;2025-01-26T06:43:55;2025-01-26T18:18:55;0.91;Rain, Partially cloudy;Partly cloudy throughout the day with storms possible.;rain;
2023-08-01;21.48;-66.30166666666666;80.7;80.1;80.4;86.5;84.4;85.4;74.1;81.1;0.08;71;25;rain;0;;30.6;24.2;60.7;1009.4;29.7;14.8;227.9;19.5;8;60;2025-01-27T06:43:53;2025-01-27T18:19:22;0.94;Rain, Partially cloudy;Partly cloudy throughout the day with storms possible.;rain;
2023-08-01;18.21;-60.53;81.4;80.1;80.9;88.6;85;86.5;74.8;82;167;64.5;33.33;rain;0;;24.3;19.9;73.9;1007.9;18;14.8;235.6;20.6;8;75;2025-01-28T06:43:50;2025-01-28T18:19:48;0.97;Rain;Clear conditions throughout the day with strong storms possible.;rain;
2022-12-07;14.71;-55.663333333333334;77.3;76.2;76.8;77.3;76.2;76.8;69.2;77.4;72;100;62.5;rain;0;;12.5;12.8;52.6;1015.6;24.6;14;207.6;17.9;8;10;2025-01-14T06:08:45;2025-01-14T17:16:41;0.52;Rain, Partially cloudy;Partly cloudy throughout the day with a chance of rain throughout the day.;rain;remote
2022-12-07;11.101666666666667;-50.876666666666665;77.4;76.6;77.1;77.4;76.6;77.1;69.3;76.8;32;45.2;29.17;rain;0;;12.8;13;56.3;1015.5;13;15;222.5;19.4;8;10;2025-01-15T06:08:49;2025-01-15T17:17:20;0.56;Rain;Clear conditions throughout the day with rain clearing later.;rain;
2022-12-07;7.45;-44.10666666666667;78.2;76.7;77.6;78.2;76.7;77.6;69;75;32;41.9;29.17;rain;0;;16.1;15.2;85.6;1016.5;22.1;14.9;191.6;16.5;8;10;2025-01-16T06:08:52;2025-01-16T17:17:58;0.59;Partially cloudy;Clearing in the afternoon.;partly-cloudy-day;
2022-12-07;3.64;-39.43333333333333;78.3;77.4;77.8;78.3;77.4;77.8;68.5;73.1;44;38.7;29.17;rain;0;;23.3;21.3;84.6;1018;6.6;14.6;218.7;19.1;8;10;2025-01-17T06:08:54;2025-01-17T17:18:36;0.62;Clear;Clear conditions throughout the day.;clear-day;
2022-12-07;0.6366666666666667;-34.51;78.2;77.3;77.8;78.2;77.3;77.8;67.2;70;24;45.2;25;rain;0;;25.5;24.6;73.4;1019.5;5.2;14.9;228.6;19.9;8;10;2025-01-18T06:08:54;2025-01-18T17:19:14;0.65;Rain;Clear conditions throughout the day with afternoon rain.;rain;
2022-12-07;-3.25;-29.41;78.2;76.9;77.8;78.2;76.9;77.8;68.5;73.4;0.06;51.6;37.5;rain;0;;30.6;27.5;72.3;1019.7;35.5;13.8;222;19.3;8;10;2025-01-19T06:08:54;2025-01-19T17:19:51;0.68;Rain, Partially cloudy;Partly cloudy throughout the day with a chance of rain throughout the day.;rain;
2022-12-07;-7.0633333333333335;-24.47833333333333;78.2;77.2;77.9;78.2;77.2;77.9;68.4;72.7;32;54.8;12.5;rain;0;;26.6;25.1;71.2;1020.1;16.1;14.9;228.5;20;8;10;2025-01-20T06:08:52;2025-01-20T17:20:28;0.72;Rain;Clear conditions throughout the day with early morning rain.;rain;
2022-12-07;-12.358333333333333;-18.468333333333334;77.9;76.9;77.3;77.9;76.9;77.3;69.1;76;217;48.4;33.33;rain;0;;27.5;25.1;67.6;1019.8;29.6;13.3;167.1;14.9;5;10;2025-01-21T06:08:49;2025-01-21T17:21:06;0.75;Rain, Partially cloudy;Partly cloudy throughout the day with rain clearing later.;rain;
2022-12-07;-16.891666666666666;-13.023333333333333;77.6;76.6;77.1;77.6;76.6;77.1;68.7;75.4;138;51.6;25;rain;0;;27.3;25.5;66.3;1019.9;60.8;14.1;145.8;12.6;5;10;2025-01-22T06:08:44;2025-01-22T17:21:42;0.78;Rain, Partially cloudy;Partly cloudy throughout the day with rain clearing later.;rain;
2022-12-07;-20.83;-7.091666666666667;77.8;77.1;77.4;77.8;77.1;77.4;67.2;70.8;67;41.9;16.67;rain;0;;26.8;25.5;80.3;1019.3;39.2;14.8;233;20.3;8;10;2025-01-23T06:08:39;2025-01-23T17:22:19;0.81;Partially cloudy;Partly cloudy throughout the day.;partly-cloudy-day;
2022-12-07;-23.125;-1.1116666666666668;78;77.3;77.6;78;77.3;77.6;68.2;73.1;88;35.5;29.17;rain;0;;23.5;23.5;87.7;1018.7;37.3;14.3;193.6;16.6;6;10;2025-01-24T06:08:32;2025-01-24T17:22:55;0.84;Partially cloudy;Partly cloudy throughout the day.;partly-cloudy-day;
2022-12-07;-27.913333333333334;8.023333333333333;78.2;77.3;77.9;78.2;77.3;77.9;68.4;72.7;0.04;58.1;16.67;rain;0;;25.9;23.5;90.1;1018.6;9.1;14.7;231.9;20.1;8;10;2025-01-25T06:08:23;2025-01-25T17:23:31;0.88;Rain;Clear conditions throughout the day with morning rain.;rain;
2022-12-07;-16.458333333333332;-35.37;78.5;77.4;78.1;78.5;77.4;78.1;70.3;77.1;0.04;41.9;20.83;rain;0;;30.4;26.6;80.2;1019.9;6.1;14.5;235.5;20.7;8;30;2025-01-26T06:08:14;2025-01-26T17:24:07;0.91;Clear;Clear conditions throughout the day with storms possible.;clear-day;
2022-12-07;-9.46;-32.76833333333333;78;77.6;77.8;78;77.6;77.8;70.8;79.2;52;54.8;33.33;rain;0;;32;27.1;77;1020.3;6.4;14.1;237.3;20.7;8;10;2025-01-27T06:08:03;2025-01-27T17:24:42;0.94;Rain;Clear conditions throughout the day with a chance of rain throughout the day.;rain;
2022-12-07;-2.1883333333333335;-29.938333333333333;78;77.6;77.8;78;77.6;77.8;70.3;77.9;44;48.4;16.67;rain;0;;31.5;27.1;80;1020;3.9;14.8;240.4;20.6;8;10;2025-01-28T06:07:51;2025-01-28T17:25:16;0.97;Rain;Clear conditions throughout the day with a chance of rain.;rain;
2024-04-22;3.5933333333333333;-25.426666666666666;73.1;70.2;71.5;73.1;70.2;71.5;63.4;75.6;16;100;12.5;rain;0;;22.6;18.1;126.1;1015.2;76.4;15;250.3;21.8;10;10;2025-01-14T05:40:21;2025-01-14T18:48:58;0.52;Rain, Partially cloudy;Partly cloudy throughout the day with rain.;rain;remote
2024-04-22;10.443333333333333;-22.666666666666668;72.4;71.3;72;72.4;71.3;72;64.8;78.3;28;6.5;29.17;rain;0;;23;19.5;124.9;1014.6;49.8;15;337.3;29.2;10;10;2025-01-15T05:41:00;2025-01-15T18:49:01;0.55;Partially cloudy;Clearing in the afternoon.;partly-cloudy-day;
2024-04-22;16.786666666666665;-19.735;73.3;71.9;72.3;73.3;71.9;72.3;64.1;75.5;24;48.4;16.67;rain;0;;20.1;18.1;125.1;1014.4;25.8;15;359.3;31;10;10;2025-01-16T05:41:39;2025-01-16T18:49:03;0.58;Rain, Partially cloudy;Partly cloudy throughout the day with early morning rain.;rain;
2024-04-22;23.551666666666666;-15.133333333333333;73.3;71.5;72.4;73.3;71.5;72.4;64.9;77.4;0.02;38.7;20.83;rain;0;;11.2;11;104;1015.3;54.7;15;288.2;24.8;10;10;2025-01-17T05:42:18;2025-01-17T18:49:04;0.61;Partially cloudy;Clearing in the afternoon.;partly-cloudy-day;
2024-04-22;29.651666666666667;-11.67;72.2;71.1;71.6;72.2;71.1;71.6;64.7;78.9;0.02;32.3;16.67;rain;0;;10.5;11.2;107.5;1016;25.5;15;354.8;30.5;10;10;2025-01-18T05:42:57;2025-01-18T18:49:03;0.65;Partially cloudy;Partly cloudy throughout the day.;partly-cloudy-day;
2024-04-22;35.04666666666667;-6.858333333333333;71.9;70.8;71.3;71.9;70.8;71.3;61.7;72;8;12.9;8.33;rain;0;;15.2;14.5;128.1;1016.4;15.9;15;404;34.6;10;10;2025-01-19T05:43:35;2025-01-19T18:49:01;0.68;Clear;Clear conditions throughout the day.;clear-day;
2024-04-22;35.86333333333333;-4.461666666666667;72.5;71.3;71.9;72.5;71.3;71.9;61.9;70.7;28;48.4;25;rain;0;;20.3;17.4;117.5;1017;71.5;15;319.9;27.6;9;10;2025-01-20T05:44:13;2025-01-20T18:48:58;0.71;Rain, Partially cloudy;Partly cloudy throughout the day with late afternoon rain.;rain;
2024-04-22;37.485;-8.556666666666667;72.8;71.9;72.3;72.8;71.9;72.3;62.8;72.2;44;48.4;33.33;rain;0;;20.4;19.2;110.8;1017.2;84.2;15;218.9;18.9;7;10;2025-01-21T05:44:51;2025-01-21T18:48:54;0.75;Rain, Partially cloudy;Partly cloudy throughout the day with early morning rain.;rain;
2024-04-22;43.99166666666667;-8.698333333333334;73.7;71.1;72.2;73.7;71.1;72.2;63.4;73.9;28;12.9;20.83;rain;0;;16.6;15;125.4;1017.5;65.9;15;265.5;23.1;8;10;2025-01-22T05:45:29;2025-01-22T18:48:48;0.77;Partially cloudy;Partly cloudy throughout the day.;partly-cloudy-day;
2024-04-22;48.968333333333334;-4.851666666666667;72.8;71.5;72.1;72.8;71.5;72.1;63.5;74.4;12;0;12.5;rain;0;;18.1;17;142.3;1015.5;68.4;15;231.1;20.4;8;10;2025-01-23T05:46:07;2025-01-23T18:48:41;0.81;Partially cloudy;Partly cloudy throughout the day.;partly-cloudy-day;
2024-04-22;51.415;2.118333333333333;72.6;71.1;72.1;72.6;71.1;72.1;63.1;73.4;0.02;3.2;16.67;rain;0;;15.9;15.2;125.9;1014.3;76.5;15;290.6;25.2;10;10;2025-01-24T05:46:44;2025-01-24T18:48:33;0.84;Partially cloudy;Partly cloudy throughout the day.;partly-cloudy-day;
2024-04-22;54.156666666666666;7.108333333333333;72.6;71.1;72;72.6;71.1;72;62.6;72.2;16;3.2;16.67;rain;0;;13.2;13;120.5;1016.2;76.1;15;261;22.5;9;10;2025-01-25T05:47:21;2025-01-25T18:48:23;0.87;Partially cloudy;Partly cloudy throughout the day.;partly-cloudy-day;
2024-04-22;52.098333333333336;3.3533333333333335;72.9;71.9;72.5;72.9;71.9;72.5;64.7;76.6;16;9.7;12.5;rain;0;;16.1;15.2;130.1;1017;69.4;15;284.5;24.6;10;10;2025-01-26T05:47:57;2025-01-26T18:48:13;0.9;Partially cloudy;Partly cloudy throughout the day.;partly-cloudy-day;
2024-04-22;50.845;-2.6066666666666665;73.1;72.1;72.6;73.1;72.1;72.6;65.4;78.2;8;12.9;8.33;rain;0;;19.9;17.7;122.9;1017.4;82;15;267.4;23.3;9;10;2025-01-27T05:48:34;2025-01-27T18:48:01;0.94;Partially cloudy;Partly cloudy throughout the day.;partly-cloudy-day;
2024-04-22;46.053333333333335;-7.973333333333334;73.4;71.9;72.6;73.4;71.9;72.6;65.9;79.6;4;12.9;4.17;rain;0;;22.1;19.7;125.3;1016.4;36.2;15;350.6;30.5;10;10;2025-01-28T05:49:10;2025-01-28T18:47:48;0.97;Partially cloudy;Partly cloudy throughout the day.;partly-cloudy-day;
2024-02-06;35.95166666666667;-4.178333333333334;72.6;71;71.7;72.6;71;71.7;59.9;66.4;0;0;0;;0;;21.5;20.1;59.9;1015.5;0.5;15;238.1;20.5;8;10;2025-01-14T06:18:00;2025-01-14T17:26:42;0.52;Clear;Clear conditions throughout the day.;clear-day;remote
2024-02-06;30.648333333333333;-10.498333333333333;72.2;70.6;71.5;72.2;70.6;71.5;59.8;66.8;4;3.2;4.17;rain;0;;16.3;15.7;49.4;1015;63.5;15;195.5;16.8;8;10;2025-01-15T06:18:05;2025-01-15T17:27:20;0.55;Partially cloudy;Partly cloudy throughout the day.;partly-cloudy-day;
2024-02-06;24.591666666666665;-15.783333333333333;72.2;70.1;71.3;72.2;70.1;71.3;60.1;67.9;24;3.2;25;rain;0;;17.9;17.2;51.8;1015.8;65.3;15;131.7;11.4;5;10;2025-01-16T06:18:08;2025-01-16T17:27:58;0.58;Partially cloudy;Partly cloudy throughout the day.;partly-cloudy-day;
2024-02-06;18.463333333333335;-19.921666666666667;72.6;71;71.9;72.6;71;71.9;60.2;66.8;0;0;0;;0;;23.9;21.7;64;1017.8;0;15;237.6;20.6;8;10;2025-01-17T06:18:10;2025-01-17T17:28:36;0.62;Clear;Clear conditions throughout the day.;clear-day;
2024-02-06;11.248333333333333;-22.695;72.1;71.1;71.3;72.1;71.1;71.3;59.3;65.7;0;0;0;;0;;25.1;23.7;68.9;1019.5;0;15;239.9;20.6;8;10;2025-01-18T06:18:11;2025-01-18T17:29:14;0.65;Clear;Clear conditions throughout the day.;clear-day;
2024-02-06;-23.726666666666667;-42.17;71.5;70.1;70.9;71.5;70.1;70.9;57.9;63.7;0;0;0;;0;;23;21.9;69.3;1019.3;40.2;15;253.9;21.8;8;10;2025-01-19T06:18:11;2025-01-19T17:29:51;0.68;Partially cloudy;Becoming cloudy in the afternoon.;partly-cloudy-day;
2024-02-06;-20.948333333333334;-36.346666666666664;71.2;70.8;71;71.2;70.8;71;60.8;70.3;4;0;4.17;rain;0;;19.2;18.8;54.1;1018;93.5;15;177.1;15.8;6;10;2025-01-20T06:18:10;2025-01-20T17:30:28;0.71;Overcast;Cloudy skies throughout the day.;cloudy;
2024-02-06;-13.621666666666666;-33.906666666666666;71;70.1;70.6;71;70.1;70.6;59;66.8;12;3.2;12.5;rain;0;;14.5;14.5;24.6;1017.6;52.1;15;164.8;14.4;6;10;2025-01-21T06:18:07;2025-01-21T17:31:05;0.75;Partially cloudy;Clearing in the afternoon.;partly-cloudy-day;
2024-02-06;-6.343333333333334;-30.715;71.5;69.5;70.8;71.5;69.5;70.8;59.3;67;32;12.9;16.67;rain;0;;19;19.2;31.6;1018.4;44.1;14.8;175.8;15.3;6;10;2025-01-22T06:18:03;2025-01-22T17:31:41;0.78;Partially cloudy;Partly cloudy throughout the day.;partly-cloudy-day;
2024-02-06;-0.6583333333333333;-27.305;71.3;69.9;70.6;71.3;69.9;70.6;57.6;63.4;16;9.7;12.5;rain;0;;17.9;16.6;39.5;1017.9;77.5;15;185.5;16.1;7;10;2025-01-23T06:17:57;2025-01-23T17:32:18;0.81;Partially cloudy;Partly cloudy throughout the day.;partly-cloudy-day;
2024-02-06;5.361666666666666;-24.126666666666665;71;70.4;70.7;71;70.4;70.7;59.1;66.7;12;6.5;12.5;rain;0;;18.8;17.2;43.8;1017.6;46.3;15;217.4;18.9;8;10;2025-01-24T06:17:51;2025-01-24T17:32:54;0.84;Partially cloudy;Clearing in the afternoon.;partly-cloudy-day;
2024-02-06;12.016666666666667;-21.033333333333335;71.3;70.8;70.9;71.3;70.8;70.9;59.7;67.8;8;9.7;8.33;rain;0;;17.7;17.2;44.5;1017.8;24.5;15;236.1;20.4;8;10;2025-01-25T06:17:43;2025-01-25T17:33:29;0.87;Partially cloudy;Partly cloudy throughout the day.;partly-cloudy-day;
2024-02-06;18.283333333333335;-25.766666666666666;71.5;70.8;71.2;71.5;70.8;71.2;62.8;74.8;4;12.9;4.17;rain;0;;16.1;15.2;21.1;1017.9;30.4;15;226.6;19.5;8;10;2025-01-26T06:17:34;2025-01-26T17:34:04;0.91;Partially cloudy;Partly cloudy throughout the day.;partly-cloudy-day;
2024-02-06;24.683333333333334;-15.166666666666666;72.9;71.2;72.1;72.9;71.2;72.1;64.2;76.2;36;12.9;25;rain;0;;23.9;24.4;49.5;1018.5;74.6;15;113.1;9.6;4;10;2025-01-27T06:17:24;2025-01-27T17:34:39;0.94;Partially cloudy;Partly cloudy throughout the day.;partly-cloudy-day;
2024-02-06;42.63333333333333;-8.216666666666667;71.9;70.2;70.9;71.9;70.2;70.9;60.8;70.4;32;6.5;20.83;rain;0;;27.1;24.4;56.9;1019.4;81;15;127.4;10.8;6;10;2025-01-28T06:17:12;2025-01-28T17:35:14;0.97;Partially cloudy;Partly cloudy throughout the day.;partly-cloudy-day;
2023-04-05;48.81666666666667;-4.383333333333333;64.5;62.3;63.6;64.5;62.3;63.6;58.3;83.2;0;0;0;;0;;23.5;18.1;29.9;1016.6;0;15;192.1;16.5;7;10;2025-01-14T08:46:54;2025-01-14T19:33:22;0.52;Clear;Clear conditions throughout the day.;clear-day;remote
2023-04-05;51.583333333333336;1.8166666666666667;67.2;62.5;64.9;67.2;62.5;64.9;56.1;73.9;0;0;0;;0;;22.8;14.8;36.5;1015.7;0;15;195.8;16.9;7;10;2025-01-15T08:46:52;2025-01-15T19:34:07;0.55;Clear;Clear conditions throughout the day.;clear-day;
2023-04-05;51.93333333333333;3.5666666666666664;68.4;60.9;64.9;68.4;60.9;64.9;40.7;41.3;0;0;0;;0;;38.3;24.6;95.7;1019.5;1.1;15;202;17.3;7;10;2025-01-16T08:46:49;2025-01-16T19:34:52;0.58;Clear;Clear conditions throughout the day.;clear-day;
2023-04-05;-2.37;-28.37;65;57.8;61.9;65;57.8;61.9;38.5;43;0;0;0;;0;;25.3;20.6;65.6;1022.8;0;15;208.3;18;8;10;2025-01-17T08:46:44;2025-01-17T19:35:36;0.61;Clear;Clear conditions throughout the day.;clear-day;
2023-04-05;2.276666666666667;-26.798333333333332;63.8;58.2;61.4;63.8;58.2;61.4;51.6;70.8;0;0;0;;0;;25.9;21.3;40.2;1023.8;0;15;201.5;17.3;7;10;2025-01-18T08:46:38;2025-01-18T19:36:21;0.65;Clear;Clear conditions throughout the day.;clear-day;
2023-04-05;7.475;-23.04;63.8;59.3;62.2;63.8;59.3;62.2;55.2;78;0;0;0;;0;;25.9;20.1;35.5;1022.4;0;15;228.4;19.5;7;10;2025-01-19T08:46:30;2025-01-19T19:37:06;0.68;Clear;Clear conditions throughout the day.;clear-day;
2023-04-05;13.37;-21.63;63.9;60.2;62.4;63.9;60.2;62.4;53.3;72.4;0;0;0;;0;;22.7;17.6;45.3;1019.1;41.7;15;195.4;16.8;7;10;2025-01-20T08:46:21;2025-01-20T19:37:51;0.71;Partially cloudy;Becoming cloudy in the afternoon.;partly-cloudy-day;
2023-04-05;18.628333333333334;-19.983333333333334;65.4;63.9;64.6;65.4;63.9;64.6;55.8;73.1;0;0;0;;0;;15.2;12.1;315.6;1016.3;93;15;154.1;13.5;6;10;2025-01-21T08:46:10;2025-01-21T19:38:35;0.75;Overcast;Cloudy skies throughout the day.;cloudy;
2023-04-05;24.173333333333332;-16.665;65.6;63.1;64.1;65.6;63.1;64.1;59.4;84.9;0;6.5;0;;0;;12.5;9.5;280;1016.7;1;15;199.6;17.4;7;10;2025-01-22T08:45:59;2025-01-22T19:39:20;0.77;Clear;Clear conditions throughout the day.;clear-day;
2023-04-05;28.101666666666667;-12.405;64.8;63.6;64.1;64.8;63.6;64.1;58.9;83.1;0;6.5;0;;0;;13.9;11.2;359.6;1017;8.2;15;200.3;17.4;7;10;2025-01-23T08:45:45;2025-01-23T19:40:05;0.81;Clear;Clear conditions throughout the day.;clear-day;
2023-04-05;32.111666666666665;-9.745;64.8;63.1;64;64.8;63.1;64;59.2;84.4;0;6.5;0;;0;;11.6;9.4;318.8;1016.5;11.7;15;201.1;17.1;7;10;2025-01-24T08:45:30;2025-01-24T19:40:49;0.84;Clear;Clear conditions throughout the day.;clear-day;
2023-04-05;-27.423333333333332;9.71;65.2;63.6;64.3;65.2;63.6;64.3;59.6;84.7;4;6.5;4.17;rain;0;;11;9.4;290.7;1016.1;44.2;15;168.4;14.4;6;10;2025-01-25T08:45:14;2025-01-25T19:41:33;0.87;Partially cloudy;Partly cloudy throughout the day.;partly-cloudy-day;
2023-04-05;-23.81833333333333;3.6016666666666666;65.6;63.4;64.3;65.6;63.4;64.3;59.5;84.5;0.02;9.7;4.17;rain;0;;43.2;30.2;249.3;1013.3;76.6;15;193.9;16.8;7;10;2025-01-26T08:44:56;2025-01-26T19:42:17;0.9;Partially cloudy;Partly cloudy throughout the day.;wind;
2023-04-05;-18.873333333333335;-1.385;64.8;63.9;64.3;64.8;63.9;64.3;56.6;76;8;6.5;4.17;rain;0;;30;23.9;11;1018.4;56.4;15;187.3;16.2;7;10;2025-01-27T08:44:37;2025-01-27T19:43:01;0.93;Partially cloudy;Partly cloudy throughout the day.;partly-cloudy-day;
2023-04-05;-13.325;-6.403333333333333;63.9;61.1;62.7;63.9;61.1;62.7;55;75.9;0;0;0;;0;;28.8;22.6;35.9;1021.6;1.9;15;206.8;17.7;7;10;2025-01-28T08:44:17;2025-01-28T19:43:44;0.97;Clear;Clear conditions throughout the day.;clear-day;
2024-03-05;-8.608333333333333;-12.888333333333334;74.4;73.8;74;74.4;73.8;74;62.9;68.3;4;100;4.17;rain;0;;14.3;14.3;41.2;1019.7;9.7;15;207;17.9;8;10;2025-01-14T06:16:30;2025-01-14T17:12:38;0.52;Rain;Clear conditions throughout the day with afternoon rain.;rain;remote
2024-03-05;-3.895;-17.618333333333332;74.7;73.7;74.2;74.7;73.7;74.2;63.6;69.5;16;3.2;8.33;rain;0;;12.3;12.1;38.5;1019.8;31.3;15;154.5;13.4;6;10;2025-01-15T06:16:31;2025-01-15T17:13:19;0.56;Partially cloudy;Partly cloudy throughout the day.;partly-cloudy-day;
2024-03-05;1.075;-22.553333333333335;75.1;73.3;74.2;75.1;73.3;74.2;66;75.6;39;51.6;8.33;rain;0;;18.8;18.3;49.4;1019.4;46.5;13.9;169.5;14.6;7;10;2025-01-16T06:16:30;2025-01-16T17:14:01;0.59;Rain, Partially cloudy;Becoming cloudy in the afternoon with a chance of rain.;rain;
2024-03-05;6.286666666666667;-27.475;75.8;74.2;75.1;75.8;74.2;75.1;68.3;79.4;16;32.3;12.5;rain;0;;19.2;18.8;52;1019.3;46.7;12.4;200.5;17.3;7;10;2025-01-17T06:16:28;2025-01-17T17:14:43;0.62;Partially cloudy;Partly cloudy throughout the day.;partly-cloudy-day;
2024-03-05;11.555;-32.278333333333336;77.6;75.1;76.4;77.6;75.1;76.4;69.4;79;0;22.6;0;;0;;25.9;23.5;80.4;1020.2;55.9;12.7;142.8;12.3;7;30;2025-01-18T06:16:25;2025-01-18T17:15:24;0.65;Partially cloudy;Clearing in the afternoon.;partly-cloudy-day;
2024-03-05;16.875;-38.715;78.3;77.4;78;78.3;77.4;78;72.3;82.8;4;22.6;4.17;rain;0;;23.5;20.1;114.7;1020.1;53.8;14.2;187.6;16.1;7;30;2025-01-19T06:16:21;2025-01-19T17:16:06;0.69;Partially cloudy;Partly cloudy throughout the day.;partly-cloudy-day;
2024-03-05;21.821666666666665;-43.093333333333334;78.7;77.6;78;78.7;77.6;78;73.1;85;4;16.1;4.17;rain;0;;22.1;17.9;104.8;1020.8;13.3;15;203.6;17.6;7;30;2025-01-20T06:16:15;2025-01-20T17:16:47;0.72;Clear;Clear conditions throughout the day.;clear-day;
2024-03-05;26.761666666666667;-50.806666666666665;77.8;77.6;77.7;77.8;77.6;77.7;71.9;82.5;0.04;16.1;12.5;rain;0;;24.2;20.1;92.4;1021.4;0.1;15;207.5;17.9;7;30;2025-01-21T06:16:07;2025-01-21T17:17:29;0.75;Clear;Clear conditions throughout the day.;clear-day;
2024-03-05;30.983333333333334;-56.60516666666667;78.3;77.4;78;78.3;77.4;78;70.9;79.1;8;38.7;4.17;rain;0;;23.7;19.2;108.7;1020.3;0.6;15;210.9;18.1;8;30;2025-01-22T06:15:58;2025-01-22T17:18:10;0.78;Clear;Clear conditions throughout the day with storms possible.;clear-day;
2024-03-05;35.13;-68.41666666666667;78.3;77.1;77.6;78.3;77.1;77.6;71.4;81.3;0;38.7;0;;0;;26.4;23;94.3;1020;3.3;14;203;17.5;7;30;2025-01-23T06:15:48;2025-01-23T17:18:51;0.81;Clear;Clear conditions throughout the day with storms possible.;clear-day;
2024-03-05;33.35;-8.815;77.8;76.7;77.2;77.8;76.7;77.2;68.5;74.5;0;32.3;0;;0;;27.7;25.1;104.7;1018.9;1.2;15;210.9;18;8;10;2025-01-24T06:15:37;2025-01-24T17:19:31;0.85;Clear;Clear conditions throughout the day.;clear-day;
2024-03-05;28.591666666666665;-12.9;78.5;77.6;78.1;78.5;77.6;78.1;72.7;83.6;0;25.8;0;;0;;21.9;18.6;129.7;1017;14.4;15;207.1;17.8;7;30;2025-01-25T06:15:24;2025-01-25T17:20:12;0.88;Clear;Clear conditions throughout the day.;clear-day;
2024-03-05;24.025;-16.536666666666665;78.3;76.7;77.8;78.3;76.7;77.8;72.1;82.7;36;54.8;12.5;rain;0;;17;14.1;111.4;1017.3;2.1;14.3;208.1;17.9;7;30;2025-01-26T06:15:10;2025-01-26T17:20:52;0.91;Rain;Clear conditions throughout the day with storms possible.;rain;
2024-03-05;18.823333333333334;-19.92;78;77.4;77.8;78;77.4;77.8;72.1;82.6;24;45.2;8.33;rain;0;;18.1;15;113.8;1016.5;5.3;14.6;210.6;18.1;8;30;2025-01-27T06:14:55;2025-01-27T17:21:32;0.94;Rain;Clear conditions throughout the day with storms possible.;rain;
2024-03-05;13.408333333333333;-21.656666666666666;78;74.2;77.2;78;74.2;77.2;72;83.9;83;41.9;12.5;rain;0;;22.6;18.1;109;1017.3;40.2;12.5;191.6;16.5;7;30;2025-01-28T06:14:38;2025-01-28T17:22:11;0.97;Partially cloudy;Clearing in the afternoon with storms possible.;partly-cloudy-day;
2023-05-04;7.96;-23.26;81.2;79.8;80.6;86.3;79.8;84.7;73.6;79.4;84;100;37.5;rain;0;;22.8;19.7;81;1010.1;72.5;14.8;302.9;26.3;10;30;2025-01-14T06:04:28;2025-01-14T18:37:11;0.52;Rain, Partially cloudy;Partly cloudy throughout the day with storms possible.;rain;remote
2023-05-04;2.88;-25.05;81.1;79.4;80.6;85;79.4;83.8;71.2;73.3;0.06;25.8;45.83;rain;0;;16.8;15.9;86.3;1011.3;60.1;14.8;242;21;9;10;2025-01-15T06:04:57;2025-01-15T18:37:25;0.55;Partially cloudy;Partly cloudy throughout the day.;partly-cloudy-day;
2023-05-04;-0.19333333333333336;-28.716666666666665;81.2;80.3;80.8;84.4;83.2;83.9;69.2;67.9;0;19.4;0;;0;;12.5;12.1;92.5;1012.6;1;15;319.3;27.5;10;30;2025-01-16T06:05:25;2025-01-16T18:37:37;0.58;Clear;Clear conditions throughout the day.;clear-day;
2023-05-04;-5.263333333333334;-30.168333333333333;80.1;79.1;79.8;83.6;79.1;79.9;71.3;75.4;167;48.4;54.17;rain;0;;16.6;15.9;102.9;1012.9;84.2;13.1;179.1;15.6;8;30;2025-01-17T06:05:53;2025-01-17T18:37:49;0.62;Rain, Partially cloudy;Partly cloudy throughout the day with storms possible.;rain;
2023-05-04;-10.098333333333333;-33.47;80.5;79.2;80;84.4;79.2;82.2;71.4;74.9;96;32.3;33.33;rain;0;;15.4;15.2;91.7;1013.1;81.7;13.6;288.5;24.8;10;10;2025-01-18T06:06:20;2025-01-18T18:38:00;0.65;Partially cloudy;Partly cloudy throughout the day.;partly-cloudy-day;
2023-05-04;-15.138333333333334;-36.82833333333333;81.4;79.4;80.3;85.4;79.4;82.4;71.2;73.9;24;45.2;12.5;rain;0;;13.4;13.6;88.4;1013.1;40.2;14.6;322;27.6;10;10;2025-01-19T06:06:47;2025-01-19T18:38:09;0.68;Rain, Partially cloudy;Clearing in the afternoon with a chance of rain.;rain;
2023-05-04;-20.04;-39.64666666666667;80.9;79.4;80;85.2;79.4;82.2;72.2;77.1;385;45.2;25;rain;0;;13.9;12.5;93.7;1013.3;30.4;12.1;287.6;25.2;10;30;2025-01-20T06:07:14;2025-01-20T18:38:18;0.71;Rain, Partially cloudy;Becoming cloudy in the afternoon with storms possible.;rain;
2023-05-04;-23.733333333333334;-43.79;80.3;79.6;79.9;84.8;79.6;81.4;73;79.5;181;41.9;29.17;rain;0;;17.5;15.9;91.5;1013.8;64.9;13.8;280.8;24.6;10;30;2025-01-21T06:07:39;2025-01-21T18:38:26;0.75;Partially cloudy;Becoming cloudy in the afternoon with storms possible.;partly-cloudy-day;
2023-05-04;21.903333333333332;-68.805;80.9;79.6;80.4;85;79.6;83.8;72.1;76;99;35.5;25;rain;0;;17.7;16.8;104.8;1014;75.8;13.8;272.5;23.4;9;30;2025-01-22T06:08:05;2025-01-22T18:38:33;0.78;Partially cloudy;Partly cloudy throughout the day with storms possible.;partly-cloudy-day;
2023-05-04;18.781666666666666;-62.74666666666667;80.3;79.2;79.9;84;79.2;80.6;70.6;73.6;28;16.1;8.33;rain;0;;17.7;17.4;114.3;1013.7;10.1;15;293.4;25.5;10;10;2025-01-23T06:08:29;2025-01-23T18:38:39;0.81;Clear;Clear conditions throughout the day.;clear-day;
2023-05-04;14.953333333333333;-56.515;80.1;79.2;79.6;83.7;79.2;80.2;69.1;70.5;0.02;9.7;12.5;rain;0;;13.9;13.6;105.9;1013;8.2;15;296.4;25.8;10;10;2025-01-24T06:08:54;2025-01-24T18:38:44;0.84;Clear;Clear conditions throughout the day.;clear-day;
2023-05-04;11.026666666666667;-51.94;80.5;78.9;79.8;84;78.9;81.2;69.9;72;4;25.8;4.17;rain;0;;12.8;12.6;95;1012.9;10.9;15;298.6;25.8;10;10;2025-01-25T06:09:17;2025-01-25T18:38:47;0.87;Clear;Clear conditions throughout the day.;clear-day;
2023-05-04;7.148333333333333;-45.20666666666666;80.3;79.2;79.8;84.1;79.2;80.7;70.6;73.7;55;22.6;8.33;rain;0;;16.6;15;83.8;1013.3;47.5;14.4;297.9;25.8;10;30;2025-01-26T06:09:40;2025-01-26T18:38:50;0.91;Partially cloudy;Partly cloudy throughout the day.;partly-cloudy-day;
2023-05-04;3.165;-40.651666666666664;81.1;79.2;80.3;86.3;79.2;83.3;73;78.7;0.26;29;29.17;rain;0;;23.5;21.5;94.8;1013.4;43;14;284.6;24.3;10;30;2025-01-27T06:10:03;2025-01-27T18:38:52;0.94;Partially cloudy;Partly cloudy throughout the day.;partly-cloudy-day;
2023-05-04;-955;-34.20666666666666;81.2;80.2;80.8;84.8;83.9;84.5;70.7;71.6;0.04;22.6;20.83;rain;0;;22.9;20.9;100.2;1013.1;55;14.7;285.5;24.6;9;10;2025-01-28T06:10:24;2025-01-28T18:38:53;0.97;Partially cloudy;Partly cloudy throughout the day.;partly-cloudy-day;
2023-06-12;-3.1950000000000003;-29.198333333333334;66.8;62.3;65.2;66.8;62.3;65.2;55;69.5;39;100;8.33;rain;0;;36;28.9;271.1;1014.4;55.3;14.8;141.9;12.2;6;10;2025-01-14T06:55:44;2025-01-14T17:11:32;0.52;Rain, Partially cloudy;Partly cloudy throughout the day with rain.;rain;remote
2023-06-12;-8.873333333333333;-24.435;66.6;60.9;64.3;66.6;60.9;64.3;52.3;65.2;78;96.8;8.33;rain;0;;43.8;38.3;279.4;1011.9;82.9;14.5;100.3;8.7;6;10;2025-01-15T06:55:33;2025-01-15T17:12:26;0.56;Rain, Partially cloudy;Partly cloudy throughout the day with rain.;rain;
2023-06-12;-12.868333333333334;-19.486666666666668;61.4;57.5;59.5;61.4;57.5;59.5;46.1;61.3;0.04;80.6;12.5;rain;0;;36.7;33.6;285.8;1016.4;85.3;14.5;110.2;9.4;5;10;2025-01-16T06:55:20;2025-01-16T17:13:20;0.59;Rain, Partially cloudy;Partly cloudy throughout the day with a chance of rain.;rain;
2023-06-12;-16.776666666666667;-14.94;65.6;61.1;63.1;65.6;61.1;63.1;52.7;69;55;100;12.5;rain;0;;48.1;35.3;262.7;1017;85.5;13;119.8;10.3;6;10;2025-01-17T06:55:05;2025-01-17T17:14:15;0.62;Rain, Partially cloudy;Partly cloudy throughout the day with a chance of rain throughout the day.;rain;
2023-06-12;-19.226666666666667;-8.07;63.2;60.9;61.7;63.2;60.9;61.7;45.1;54.6;28;80.6;16.67;rain;0;;33.1;27.1;342;1026.2;47.9;15;106.7;9.2;6;10;2025-01-18T06:54:49;2025-01-18T17:15:10;0.65;Rain, Partially cloudy;Partly cloudy throughout the day with early morning rain.;rain;
2023-06-12;-23.533333333333335;-3.965;66.5;62;64.5;66.5;62;64.5;50.2;59.9;0.02;6.5;8.33;rain;0;;24.8;23.7;163.6;1028.4;91.6;15;79.4;6.9;3;10;2025-01-19T06:54:30;2025-01-19T17:16:06;0.68;Overcast;Cloudy skies throughout the day.;cloudy;
2023-06-12;-26.045;2.2116666666666664;69;66.6;67.9;69;66.6;67.9;63.5;86.1;0;45.2;0;rain;0;;36;27.1;207.1;1023.7;98.3;12.7;22.3;1.9;1;10;2025-01-20T06:54:10;2025-01-20T17:17:01;0.72;Rain, Overcast;Cloudy skies throughout the day with a chance of rain.;rain;
2023-06-12;-22.313333333333333;-42.79833333333333;66.1;61.2;62.9;66.1;61.2;62.9;52.5;68.9;12;48.4;12.5;rain;0;;17.7;18.6;339.5;1027.1;97.2;15;47.3;4.1;2;10;2025-01-21T06:53:49;2025-01-21T17:17:57;0.75;Rain, Overcast;Cloudy skies throughout the day with early morning rain.;rain;
2023-06-12;-17.576666666666668;-36.55833333333333;62.1;61.1;61.6;62.1;61.1;61.6;49.2;63.6;8;35.5;4.17;rain;0;;10.7;11;320.2;1027.3;81.2;15;107.4;9.4;4;10;2025-01-22T06:53:25;2025-01-22T17:18:53;0.78;Partially cloudy;Partly cloudy throughout the day.;partly-cloudy-day;
2023-06-12;-10.165;-32.013333333333335;70.2;62.5;67.9;70.2;62.5;67.9;62.5;83.2;0;51.6;0;rain;0;;49;34.2;204.2;1018;97.9;15;119.1;10.3;5;10;2025-01-23T06:53:00;2025-01-23T17:19:49;0.81;Rain, Overcast;Cloudy skies throughout the day with a chance of rain.;rain;
2023-06-12;-3.0700000000000003;-29.131666666666668;70.2;69.7;69.8;70.2;69.7;69.8;66.2;88.3;0;29;0;;0;;45.4;30.2;227.6;1015.5;100;15;54.5;4.6;2;10;2025-01-24T06:52:34;2025-01-24T17:20:45;0.84;Overcast;Cloudy skies throughout the day.;wind;
2023-06-12;2.0183333333333335;-27.94333333333333;69.7;64.5;67.9;69.7;64.5;67.9;63.5;85.8;0;48.4;0;rain;0;;42.7;33.3;240.2;1013.9;100;13.6;117.8;10.2;5;10;2025-01-25T06:52:05;2025-01-25T17:21:42;0.88;Rain, Overcast;Cloudy skies throughout the day with a chance of rain.;rain;
2023-06-12;9.498333333333333;-23.348333333333333;63.4;58.9;60;63.4;58.9;60;46.1;60.2;35;29;4.17;rain;0;;39.6;34;295.5;1025.4;83;15;131.9;11.3;6;10;2025-01-26T06:51:35;2025-01-26T17:22:38;0.91;Partially cloudy;Partly cloudy throughout the day.;wind;
2023-06-12;16.27166666666667;-20.508333333333333;62.9;59.1;61.4;62.9;59.1;61.4;47.5;60.4;0;22.6;0;;0;;12.8;12.1;243.6;1029.7;88.9;15;82.5;7;4;10;2025-01-27T06:51:04;2025-01-27T17:23:34;0.94;Partially cloudy;Partly cloudy throughout the day.;partly-cloudy-day;
2023-06-12;22.075;-17.546666666666667;68.8;62.5;65.5;68.8;62.5;65.5;58.2;77.8;16;22.6;4.17;rain;0;;33.1;21.3;164.5;1027.3;97.8;15;78.3;6.8;3;10;2025-01-28T06:50:30;2025-01-28T17:24:30;0.97;Overcast;Cloudy skies throughout the day.;cloudy;
2023-12-15;27.946666666666665;-12.261666666666667;48.3;29;37.1;43.9;23.2;31.8;34.4;89.9;0;0;0;;0;0;26.8;13;230.9;1035.1;83;6.4;48.3;4.3;2;10;2025-01-14T07:50:49;2025-01-14T16:11:03;0.52;Partially cloudy;Partly cloudy throughout the day.;partly-cloudy-day;EBOS,EBFN,E4195,LFAC
2023-12-15;32.54833333333333;-8.105;48.3;46.3;47.4;47.2;42.9;44.8;46;95.1;0;0;0;rain;0;0;17.4;12.5;307.4;1033.9;91.1;15;48.7;4.1;2;10;2025-01-15T07:49:59;2025-01-15T16:12:35;0.55;Overcast;Cloudy skies throughout the day.;cloudy;
2023-12-15;35.475;-5.571666666666666;47.4;42.9;44.8;45.4;37.5;40.5;41.7;88.9;0;0;0;;0;0;17.2;13;168.6;1035.3;73.3;15;50;4.4;3;10;2025-01-16T07:49:07;2025-01-16T16:14:10;0.58;Partially cloudy;Partly cloudy throughout the day.;partly-cloudy-day;